--INBOX
INSERT INTO public.inbox(inbcode, inbtitle, inbmessage, inbmessageoriginal, inbsenddate, inbread, inbreadate, inbcodeorigin, clicoderecieved, clicodesent, lancode) VALUES (1,'El correo', 'Este es el mensaje del correo electronico que se va a enviar porque dhufufd hu ghdiugh dufgh idfh gidufh giudhguh fguiu h iufdhgidhfig hdfifugh diufgh dfiu fhgdihfgidf', NULL, '2017-02-17 11:35:01.112263-06',False, NULL, NULL, 11, 2, 1);
---COUNTRY

INSERT INTO public.country(coucode, couname,couactive) VALUES (1, 'Afghanistan',FALSE);
INSERT INTO public.country(coucode, couname,couactive) VALUES (2, 'Åland Islands',FALSE);
INSERT INTO public.country(coucode, couname,couactive) VALUES (3, 'Albania',FALSE);
INSERT INTO public.country(coucode, couname,couactive) VALUES (4, 'Algeria',FALSE);
INSERT INTO public.country(coucode, couname,couactive) VALUES (5, 'American Samoa',FALSE);
INSERT INTO public.country(coucode, couname,couactive) VALUES (6, 'Andorra',FALSE);
INSERT INTO public.country(coucode, couname,couactive) VALUES (7, 'Angola',FALSE);
INSERT INTO public.country(coucode, couname,couactive) VALUES (8, 'Anguilla',FALSE);
INSERT INTO public.country(coucode, couname,couactive) VALUES (9, 'Antarctica',FALSE);
INSERT INTO public.country(coucode, couname,couactive) VALUES (10, 'Antigua and Barbuda',FALSE);
INSERT INTO public.country(coucode, couname,couactive) VALUES (11, 'Argentina',TRUE);
INSERT INTO public.country(coucode, couname,couactive) VALUES (12, 'Armenia',FALSE);
INSERT INTO public.country(coucode, couname,couactive) VALUES (13, 'Aruba',TRUE);
INSERT INTO public.country(coucode, couname,couactive) VALUES (14, 'Australia',TRUE);
INSERT INTO public.country(coucode, couname,couactive) VALUES (15, 'Austria',TRUE);
INSERT INTO public.country(coucode, couname,couactive) VALUES (16, 'Azerbaijan',FALSE);
INSERT INTO public.country(coucode, couname,couactive) VALUES (17, 'Bahamas',TRUE);
INSERT INTO public.country(coucode, couname,couactive) VALUES (18, 'Bahrain',FALSE);
INSERT INTO public.country(coucode, couname,couactive) VALUES (19, 'Bangladesh',FALSE);
INSERT INTO public.country(coucode, couname,couactive) VALUES (20, 'Barbados',FALSE);
INSERT INTO public.country(coucode, couname,couactive) VALUES (21, 'Belarus',FALSE);
INSERT INTO public.country(coucode, couname,couactive) VALUES (22, 'Belgium',TRUE);
INSERT INTO public.country(coucode, couname,couactive) VALUES (23, 'Belize',TRUE);
INSERT INTO public.country(coucode, couname,couactive) VALUES (24, 'Benin',FALSE);
INSERT INTO public.country(coucode, couname,couactive) VALUES (25, 'Bermuda',FALSE);
INSERT INTO public.country(coucode, couname,couactive) VALUES (26, 'Bhutan',FALSE);
INSERT INTO public.country(coucode, couname,couactive) VALUES (27, 'Bolivia',TRUE);
INSERT INTO public.country(coucode, couname,couactive) VALUES (28, 'Bonaire, Sint Eustatius and Saba',FALSE);
INSERT INTO public.country(coucode, couname,couactive) VALUES (29, 'Bosnia and Herzegovina',FALSE);
INSERT INTO public.country(coucode, couname,couactive) VALUES (30, 'Botswana',FALSE);
INSERT INTO public.country(coucode, couname,couactive) VALUES (31, 'Brazil',TRUE);
INSERT INTO public.country(coucode, couname,couactive) VALUES (32, 'British Indian Ocean Territory',TRUE);
INSERT INTO public.country(coucode, couname,couactive) VALUES (33, 'Brunei Darussalam',FALSE);
INSERT INTO public.country(coucode, couname,couactive) VALUES (34, 'Bulgaria',TRUE);
INSERT INTO public.country(coucode, couname,couactive) VALUES (35, 'Burkina Faso',TRUE);
INSERT INTO public.country(coucode, couname,couactive) VALUES (36, 'Burundi',TRUE);
INSERT INTO public.country(coucode, couname,couactive) VALUES (37, 'Cambodia',TRUE);
INSERT INTO public.country(coucode, couname,couactive) VALUES (38, 'Cameroon',TRUE);
INSERT INTO public.country(coucode, couname,couactive) VALUES (39, 'Canada',TRUE);
INSERT INTO public.country(coucode, couname,couactive) VALUES (40, 'Cape Verde',FALSE);
INSERT INTO public.country(coucode, couname,couactive) VALUES (41, 'Cayman Islands',TRUE);
INSERT INTO public.country(coucode, couname,couactive) VALUES (42, 'Central African Republic',TRUE);
INSERT INTO public.country(coucode, couname,couactive) VALUES (43, 'Chad',FALSE);
INSERT INTO public.country(coucode, couname,couactive) VALUES (44, 'Chile',TRUE);
INSERT INTO public.country(coucode, couname,couactive) VALUES (45, 'China',TRUE);
INSERT INTO public.country(coucode, couname,couactive) VALUES (46, 'Christmas Island',FALSE);
INSERT INTO public.country(coucode, couname,couactive) VALUES (47, 'Cocos (Keeling) Islands',FALSE);
INSERT INTO public.country(coucode, couname,couactive) VALUES (48, 'Colombia',TRUE);
INSERT INTO public.country(coucode, couname,couactive) VALUES (49, 'Comoros',FALSE);
INSERT INTO public.country(coucode, couname,couactive) VALUES (50, 'Congo',TRUE);
INSERT INTO public.country(coucode, couname,couactive) VALUES (51, 'Congo, The Democratic Republic of the',FALSE);
INSERT INTO public.country(coucode, couname,couactive) VALUES (52, 'Cook Islands',TRUE);
INSERT INTO public.country(coucode, couname,couactive) VALUES (53, 'Costa Rica',TRUE);
INSERT INTO public.country(coucode, couname,couactive) VALUES (54, 'Côte d''Ivoire',FALSE);
INSERT INTO public.country(coucode, couname,couactive) VALUES (55, 'Croatia',TRUE);
INSERT INTO public.country(coucode, couname,couactive) VALUES (56, 'Cuba',TRUE);
INSERT INTO public.country(coucode, couname,couactive) VALUES (57, 'Curaçao',FALSE);
INSERT INTO public.country(coucode, couname,couactive) VALUES (58, 'Cyprus',TRUE);
INSERT INTO public.country(coucode, couname,couactive) VALUES (59, 'Czech Republic',FALSE);
INSERT INTO public.country(coucode, couname,couactive) VALUES (60, 'Denmark',TRUE);
INSERT INTO public.country(coucode, couname,couactive) VALUES (61, 'Djibouti',FALSE);
INSERT INTO public.country(coucode, couname,couactive) VALUES (62, 'Dominica',TRUE);
INSERT INTO public.country(coucode, couname,couactive) VALUES (63, 'Dominican Republic',TRUE);
INSERT INTO public.country(coucode, couname,couactive) VALUES (64, 'Ecuador',TRUE);
INSERT INTO public.country(coucode, couname,couactive) VALUES (65, 'Egypt',TRUE);
INSERT INTO public.country(coucode, couname,couactive) VALUES (66, 'El Salvador',TRUE);
INSERT INTO public.country(coucode, couname,couactive) VALUES (67, 'Equatorial Guinea',TRUE);
INSERT INTO public.country(coucode, couname,couactive) VALUES (68, 'Eritrea',FALSE);
INSERT INTO public.country(coucode, couname,couactive) VALUES (69, 'Estonia',TRUE);
INSERT INTO public.country(coucode, couname,couactive) VALUES (70, 'Ethiopia',TRUE);
INSERT INTO public.country(coucode, couname,couactive) VALUES (71, 'Falkland Islands (Malvinas)',FALSE);
INSERT INTO public.country(coucode, couname,couactive) VALUES (72, 'Faroe Islands',FALSE);
INSERT INTO public.country(coucode, couname,couactive) VALUES (73, 'Fiji',FALSE);
INSERT INTO public.country(coucode, couname,couactive) VALUES (74, 'Finland',FALSE);
INSERT INTO public.country(coucode, couname,couactive) VALUES (75, 'France',TRUE);
INSERT INTO public.country(coucode, couname,couactive) VALUES (76, 'French Guiana',TRUE);
INSERT INTO public.country(coucode, couname,couactive) VALUES (77, 'French Polynesia',FALSE);
INSERT INTO public.country(coucode, couname,couactive) VALUES (78, 'French Southern Territories',TRUE);
INSERT INTO public.country(coucode, couname,couactive) VALUES (79, 'Gabon',FALSE);
INSERT INTO public.country(coucode, couname,couactive) VALUES (80, 'Gambia',TRUE);
INSERT INTO public.country(coucode, couname,couactive) VALUES (81, 'Georgia',TRUE);
INSERT INTO public.country(coucode, couname,couactive) VALUES (82, 'Germany',TRUE);
INSERT INTO public.country(coucode, couname,couactive) VALUES (83, 'Ghana',FALSE);
INSERT INTO public.country(coucode, couname,couactive) VALUES (84, 'Gibraltar',FALSE);
INSERT INTO public.country(coucode, couname,couactive) VALUES (85, 'Greece',TRUE);
INSERT INTO public.country(coucode, couname,couactive) VALUES (86, 'Greenland',TRUE);
INSERT INTO public.country(coucode, couname,couactive) VALUES (87, 'Grenada',TRUE);
INSERT INTO public.country(coucode, couname,couactive) VALUES (88, 'Guadeloupe',TRUE);
INSERT INTO public.country(coucode, couname,couactive) VALUES (89, 'Guam',FALSE);
INSERT INTO public.country(coucode, couname,couactive) VALUES (90, 'Guatemala',TRUE);
INSERT INTO public.country(coucode, couname,couactive) VALUES (91, 'Guernsey',FALSE);
INSERT INTO public.country(coucode, couname,couactive) VALUES (92, 'Guinea',FALSE);
INSERT INTO public.country(coucode, couname,couactive) VALUES (93, 'Guinea-Bissau',FALSE);
INSERT INTO public.country(coucode, couname,couactive) VALUES (94, 'Guyana',FALSE);
INSERT INTO public.country(coucode, couname,couactive) VALUES (95, 'Haiti',TRUE);
INSERT INTO public.country(coucode, couname,couactive) VALUES (96, 'Heard Island and McDonald Islands',FALSE);
INSERT INTO public.country(coucode, couname,couactive) VALUES (97, 'Holy See (Vatican City State)',FALSE);
INSERT INTO public.country(coucode, couname,couactive) VALUES (98, 'Honduras',TRUE);
INSERT INTO public.country(coucode, couname,couactive) VALUES (99, 'Hong Kong',TRUE);
INSERT INTO public.country(coucode, couname,couactive) VALUES (100, 'Hungary',TRUE);
INSERT INTO public.country(coucode, couname,couactive) VALUES (101, 'Iceland',TRUE);
INSERT INTO public.country(coucode, couname,couactive) VALUES (102, 'India',TRUE);
INSERT INTO public.country(coucode, couname,couactive) VALUES (103, 'Indonesia',TRUE);
INSERT INTO public.country(coucode, couname,couactive) VALUES (104, 'Installations in International Waters',FALSE);
INSERT INTO public.country(coucode, couname,couactive) VALUES (105, 'Iran, Islamic Republic of',FALSE);
INSERT INTO public.country(coucode, couname,couactive) VALUES (106, 'Iraq',FALSE);
INSERT INTO public.country(coucode, couname,couactive) VALUES (107, 'Ireland',TRUE);
INSERT INTO public.country(coucode, couname,couactive) VALUES (108, 'Isle of Man',TRUE);
INSERT INTO public.country(coucode, couname,couactive) VALUES (109, 'Israel',TRUE);
INSERT INTO public.country(coucode, couname,couactive) VALUES (110, 'Italy',TRUE);
INSERT INTO public.country(coucode, couname,couactive) VALUES (111, 'Jamaica',TRUE);
INSERT INTO public.country(coucode, couname,couactive) VALUES (112, 'Japan',TRUE);
INSERT INTO public.country(coucode, couname,couactive) VALUES (113, 'Jersey',FALSE);
INSERT INTO public.country(coucode, couname,couactive) VALUES (114, 'Jordan',FALSE);
INSERT INTO public.country(coucode, couname,couactive) VALUES (115, 'Kazakhstan',FALSE);
INSERT INTO public.country(coucode, couname,couactive) VALUES (116, 'Kenya',TRUE);
INSERT INTO public.country(coucode, couname,couactive) VALUES (117, 'Kiribati',FALSE);
INSERT INTO public.country(coucode, couname,couactive) VALUES (118, 'Korea, Republic of',TRUE);
INSERT INTO public.country(coucode, couname,couactive) VALUES (119, 'Kuwait',FALSE);
INSERT INTO public.country(coucode, couname,couactive) VALUES (120, 'Kyrgyzstan',FALSE);
INSERT INTO public.country(coucode, couname,couactive) VALUES (121, 'Lao Peoples Democratic Republic',FALSE);
INSERT INTO public.country(coucode, couname,couactive) VALUES (122, 'Latvia',FALSE);
INSERT INTO public.country(coucode, couname,couactive) VALUES (123, 'Lebanon',FALSE);
INSERT INTO public.country(coucode, couname,couactive) VALUES (124, 'Lesotho',FALSE);
INSERT INTO public.country(coucode, couname,couactive) VALUES (125, 'Liberia',FALSE);
INSERT INTO public.country(coucode, couname,couactive) VALUES (126, 'Libya',FALSE);
INSERT INTO public.country(coucode, couname,couactive) VALUES (127, 'Liechtenstein',FALSE);
INSERT INTO public.country(coucode, couname,couactive) VALUES (128, 'Lithuania',FALSE);
INSERT INTO public.country(coucode, couname,couactive) VALUES (129, 'Luxembourg',FALSE);
INSERT INTO public.country(coucode, couname,couactive) VALUES (130, 'Macao',TRUE);
INSERT INTO public.country(coucode, couname,couactive) VALUES (131, 'Macedonia, The former Yugoslav Republic of',TRUE);
INSERT INTO public.country(coucode, couname,couactive) VALUES (132, 'Madagascar',TRUE);
INSERT INTO public.country(coucode, couname,couactive) VALUES (133, 'Malawi',FALSE);
INSERT INTO public.country(coucode, couname,couactive) VALUES (134, 'Malaysia',TRUE);
INSERT INTO public.country(coucode, couname,couactive) VALUES (135, 'Maldives',FALSE);
INSERT INTO public.country(coucode, couname,couactive) VALUES (136, 'Mali',FALSE);
INSERT INTO public.country(coucode, couname,couactive) VALUES (137, 'Malta',FALSE);
INSERT INTO public.country(coucode, couname,couactive) VALUES (138, 'Marshall Islands',FALSE);
INSERT INTO public.country(coucode, couname,couactive) VALUES (139, 'Martinique',FALSE);
INSERT INTO public.country(coucode, couname,couactive) VALUES (140, 'Mauritania',FALSE);
INSERT INTO public.country(coucode, couname,couactive) VALUES (141, 'Mauritius',FALSE);
INSERT INTO public.country(coucode, couname,couactive) VALUES (142, 'Mayotte',FALSE);
INSERT INTO public.country(coucode, couname,couactive) VALUES (143, 'Mexico',TRUE);
INSERT INTO public.country(coucode, couname,couactive) VALUES (144, 'Micronesia, Federated States of',FALSE);
INSERT INTO public.country(coucode, couname,couactive) VALUES (145, 'Moldova, Republic of',TRUE);
INSERT INTO public.country(coucode, couname,couactive) VALUES (146, 'Monaco',TRUE);
INSERT INTO public.country(coucode, couname,couactive) VALUES (147, 'Mongolia',TRUE);
INSERT INTO public.country(coucode, couname,couactive) VALUES (148, 'Montenegro',TRUE);
INSERT INTO public.country(coucode, couname,couactive) VALUES (149, 'Montserrat',TRUE);
INSERT INTO public.country(coucode, couname,couactive) VALUES (150, 'Morocco',TRUE);
INSERT INTO public.country(coucode, couname,couactive) VALUES (151, 'Mozambique',FALSE);
INSERT INTO public.country(coucode, couname,couactive) VALUES (152, 'Myanmar',FALSE);
INSERT INTO public.country(coucode, couname,couactive) VALUES (153, 'Namibia',FALSE);
INSERT INTO public.country(coucode, couname,couactive) VALUES (154, 'Nauru',FALSE);
INSERT INTO public.country(coucode, couname,couactive) VALUES (155, 'Nepal',TRUE);
INSERT INTO public.country(coucode, couname,couactive) VALUES (156, 'Netherlands',FALSE);
INSERT INTO public.country(coucode, couname,couactive) VALUES (157, 'New Caledonia',TRUE);
INSERT INTO public.country(coucode, couname,couactive) VALUES (158, 'New Zealand',TRUE);
INSERT INTO public.country(coucode, couname,couactive) VALUES (159, 'Nicaragua',TRUE);
INSERT INTO public.country(coucode, couname,couactive) VALUES (160, 'Niger',TRUE);
INSERT INTO public.country(coucode, couname,couactive) VALUES (161, 'Nigeria',TRUE);
INSERT INTO public.country(coucode, couname,couactive) VALUES (162, 'Niue',FALSE);
INSERT INTO public.country(coucode, couname,couactive) VALUES (163, 'Norfolk Island',FALSE);
INSERT INTO public.country(coucode, couname,couactive) VALUES (164, 'Northern Mariana Islands',FALSE);
INSERT INTO public.country(coucode, couname,couactive) VALUES (165, 'Norway',FALSE);
INSERT INTO public.country(coucode, couname,couactive) VALUES (166, 'Oman',FALSE);
INSERT INTO public.country(coucode, couname,couactive) VALUES (167, 'Pakistan',FALSE);
INSERT INTO public.country(coucode, couname,couactive) VALUES (168, 'Palau',FALSE);
INSERT INTO public.country(coucode, couname,couactive) VALUES (169, 'Palestine,State of',FALSE);
INSERT INTO public.country(coucode, couname,couactive) VALUES (170, 'Panama',TRUE);
INSERT INTO public.country(coucode, couname,couactive) VALUES (171, 'Papua New Guinea',FALSE);
INSERT INTO public.country(coucode, couname,couactive) VALUES (172, 'Paraguay',TRUE);
INSERT INTO public.country(coucode, couname,couactive) VALUES (173, 'Peru',TRUE);
INSERT INTO public.country(coucode, couname,couactive) VALUES (174, 'Philippines',TRUE);
INSERT INTO public.country(coucode, couname,couactive) VALUES (175, 'Pitcairn',FALSE);
INSERT INTO public.country(coucode, couname,couactive) VALUES (176, 'Poland',FALSE);
INSERT INTO public.country(coucode, couname,couactive) VALUES (177, 'Portugal',TRUE);
INSERT INTO public.country(coucode, couname,couactive) VALUES (178, 'Puerto Rico',TRUE);
INSERT INTO public.country(coucode, couname,couactive) VALUES (179, 'Qatar',FALSE);
INSERT INTO public.country(coucode, couname,couactive) VALUES (180, 'Reunion',FALSE);
INSERT INTO public.country(coucode, couname,couactive) VALUES (181, 'Romania',TRUE);
INSERT INTO public.country(coucode, couname,couactive) VALUES (182, 'Russian Federation',TRUE);
INSERT INTO public.country(coucode, couname,couactive) VALUES (183, 'Rwanda',FALSE);
INSERT INTO public.country(coucode, couname,couactive) VALUES (184, 'Saint Barthélemy',FALSE);
INSERT INTO public.country(coucode, couname,couactive) VALUES (185, 'Saint Helena,Ascension and Tristan Da Cunha',FALSE);
INSERT INTO public.country(coucode, couname,couactive) VALUES (186, 'Saint Kitts and Nevis',FALSE);
INSERT INTO public.country(coucode, couname,couactive) VALUES (187, 'Saint Lucia',FALSE);
INSERT INTO public.country(coucode, couname,couactive) VALUES (188, 'Saint Martin (French Part)',FALSE);
INSERT INTO public.country(coucode, couname,couactive) VALUES (189, 'Saint Pierre and Miquelon',FALSE);
INSERT INTO public.country(coucode, couname,couactive) VALUES (190, 'Saint Vincent and the Grenadines',FALSE);
INSERT INTO public.country(coucode, couname,couactive) VALUES (191, 'Samoa',FALSE);
INSERT INTO public.country(coucode, couname,couactive) VALUES (192, 'San Marino',TRUE);
INSERT INTO public.country(coucode, couname,couactive) VALUES (193, 'Sao Tome and Principe',FALSE);
INSERT INTO public.country(coucode, couname,couactive) VALUES (194, 'Saudi Arabia',TRUE);
INSERT INTO public.country(coucode, couname,couactive) VALUES (195, 'Senegal',FALSE);
INSERT INTO public.country(coucode, couname,couactive) VALUES (196, 'Serbia',TRUE);
INSERT INTO public.country(coucode, couname,couactive) VALUES (197, 'Seychelles',FALSE);
INSERT INTO public.country(coucode, couname,couactive) VALUES (198, 'Sierra Leone',FALSE);
INSERT INTO public.country(coucode, couname,couactive) VALUES (199, 'Singapore',TRUE);
INSERT INTO public.country(coucode, couname,couactive) VALUES (200, 'Sint Maarten (Dutch Part)',FALSE);
INSERT INTO public.country(coucode, couname,couactive) VALUES (201, 'Slovakia',TRUE);
INSERT INTO public.country(coucode, couname,couactive) VALUES (202, 'Slovenia',TRUE);
INSERT INTO public.country(coucode, couname,couactive) VALUES (203, 'Solomon Islands',FALSE);
INSERT INTO public.country(coucode, couname,couactive) VALUES (204, 'Somalia',FALSE);
INSERT INTO public.country(coucode, couname,couactive) VALUES (205, 'South Africa',TRUE);
INSERT INTO public.country(coucode, couname,couactive) VALUES (206, 'South Georgia and the South Sandwich Islands',FALSE);
INSERT INTO public.country(coucode, couname,couactive) VALUES (207, 'South Sudan',FALSE);
INSERT INTO public.country(coucode, couname,couactive) VALUES (208, 'Spain',TRUE);
INSERT INTO public.country(coucode, couname,couactive) VALUES (209, 'Sri Lanka',FALSE);
INSERT INTO public.country(coucode, couname,couactive) VALUES (210, 'Sudan',FALSE);
INSERT INTO public.country(coucode, couname,couactive) VALUES (211, 'Suriname',FALSE);
INSERT INTO public.country(coucode, couname,couactive) VALUES (212, 'Svalbard and Jan Mayen',FALSE);
INSERT INTO public.country(coucode, couname,couactive) VALUES (213, 'Swaziland',TRUE);
INSERT INTO public.country(coucode, couname,couactive) VALUES (214, 'Sweden',TRUE);
INSERT INTO public.country(coucode, couname,couactive) VALUES (215, 'Switzerland',TRUE);
INSERT INTO public.country(coucode, couname,couactive) VALUES (216, 'Syrian Arab Republic',TRUE);
INSERT INTO public.country(coucode, couname,couactive) VALUES (217, 'Taiwan, Province of China',TRUE);
INSERT INTO public.country(coucode, couname,couactive) VALUES (218, 'Tajikistan',FALSE);
INSERT INTO public.country(coucode, couname,couactive) VALUES (219, 'Tanzania, United Republic of',TRUE);
INSERT INTO public.country(coucode, couname,couactive) VALUES (220, 'Thailand',TRUE);
INSERT INTO public.country(coucode, couname,couactive) VALUES (221, 'Timor-Leste',FALSE);
INSERT INTO public.country(coucode, couname,couactive) VALUES (222, 'Togo',FALSE);
INSERT INTO public.country(coucode, couname,couactive) VALUES (223, 'Tokelau',FALSE);
INSERT INTO public.country(coucode, couname,couactive) VALUES (224, 'Tonga',TRUE);
INSERT INTO public.country(coucode, couname,couactive) VALUES (225, 'Trinidad and Tobago',TRUE);
INSERT INTO public.country(coucode, couname,couactive) VALUES (226, 'Tunisia',FALSE);
INSERT INTO public.country(coucode, couname,couactive) VALUES (227, 'Turkey',TRUE);
INSERT INTO public.country(coucode, couname,couactive) VALUES (228, 'Turkmenistan',FALSE);
INSERT INTO public.country(coucode, couname,couactive) VALUES (229, 'Turks and Caicos Islands',FALSE);
INSERT INTO public.country(coucode, couname,couactive) VALUES (230, 'Tuvalu',TRUE);
INSERT INTO public.country(coucode, couname,couactive) VALUES (231, 'Uganda',TRUE);
INSERT INTO public.country(coucode, couname,couactive) VALUES (232, 'Ukraine',TRUE);
INSERT INTO public.country(coucode, couname,couactive) VALUES (233, 'United Arab Emirates',TRUE);
INSERT INTO public.country(coucode, couname,couactive) VALUES (234, 'United Kingdom',TRUE);
INSERT INTO public.country(coucode, couname,couactive) VALUES (235, 'United States',TRUE);
INSERT INTO public.country(coucode, couname,couactive) VALUES (236, 'United States Minor Outlying Islands',FALSE);
INSERT INTO public.country(coucode, couname,couactive) VALUES (237, 'Uruguay',TRUE);
INSERT INTO public.country(coucode, couname,couactive) VALUES (238, 'Uzbekistan',FALSE);
INSERT INTO public.country(coucode, couname,couactive) VALUES (239, 'Vanuatu',FALSE);
INSERT INTO public.country(coucode, couname,couactive) VALUES (240, 'Venezuela',TRUE);
INSERT INTO public.country(coucode, couname,couactive) VALUES (241, 'Viet Nam',TRUE);
INSERT INTO public.country(coucode, couname,couactive) VALUES (242, 'Virgin Islands, British',FALSE);
INSERT INTO public.country(coucode, couname,couactive) VALUES (243, 'Virgin Islands, U.S.',FALSE);
INSERT INTO public.country(coucode, couname,couactive) VALUES (244, 'Wallis and Futuna',FALSE);
INSERT INTO public.country(coucode, couname,couactive) VALUES (245, 'Western Sahara',FALSE);
INSERT INTO public.country(coucode, couname,couactive) VALUES (246, 'Yemen',FALSE);
INSERT INTO public.country(coucode, couname,couactive) VALUES (247, 'Zambia',FALSE);
INSERT INTO public.country(coucode, couname,couactive) VALUES (248, 'Zimbabwe',FALSE);


--CITY
INSERT INTO public.city (citcode, citname,coucode,citactive) VALUES (1, 'Cancún',143,true);
INSERT INTO public.city (citcode, citname,coucode,citactive) VALUES (2, 'Monterrey',143,true);
INSERT INTO public.city (citcode, citname,coucode,citactive) VALUES (3, 'Seul',118,true);
INSERT INTO public.city (citcode, citname,coucode,citactive) VALUES (4, 'Bogota',48,true);
INSERT INTO public.city (citcode, citname,coucode,citactive) VALUES (5, 'Tokio',112,true);
INSERT INTO public.city (citcode, citname,coucode,citactive) VALUES (6, 'Buenos Aires',11,true);
INSERT INTO public.city (citcode, citname,coucode,citactive) VALUES (7, 'Santa Cruz',27,true);
INSERT INTO public.city (citcode, citname,coucode,citactive) VALUES (8, 'California',235,true);
INSERT INTO public.city (citcode, citname,coucode,citactive) VALUES (9, 'Guadalajara',143,true);

-- Insert gender types
INSERT INTO public.gender(gencode,genname,gendescription,genactive,genpreference) VALUES (1,'Man','Man looking for a Woman',TRUE,2);
INSERT INTO public.gender(gencode,genname,gendescription,genactive,genpreference) VALUES (2,'Woman','Woman looking for a Man',TRUE,1);
INSERT INTO public.gender(gencode,genname,gendescription,genactive,genpreference) VALUES (3,'Man','Man looking for a Man',TRUE,3);
INSERT INTO public.gender(gencode,genname,gendescription,genactive,genpreference) VALUES (4,'Woman','Woman looking for a Woman',TRUE,4);


-- Insert Height types
INSERT INTO public.height(heicode, heidescription) VALUES (1, '140cm/4''7"');
INSERT INTO public.height(heicode, heidescription) VALUES (2, '141cm/4''7½"');
INSERT INTO public.height(heicode, heidescription) VALUES (3, '142cm/4''8"');
INSERT INTO public.height(heicode, heidescription) VALUES (4, '143cm/4''78½"');
INSERT INTO public.height(heicode, heidescription) VALUES (5, '144cm/4''9"');
INSERT INTO public.height(heicode, heidescription) VALUES (6, '145cm/4''9"');
INSERT INTO public.height(heicode, heidescription) VALUES (7, '146cm/4''9½"');
INSERT INTO public.height(heicode, heidescription) VALUES (8, '147cm/4''10"');
INSERT INTO public.height(heicode, heidescription) VALUES (9, '148cm/4''10½"');
INSERT INTO public.height(heicode, heidescription) VALUES (10, '149cm/4''10½"');
INSERT INTO public.height(heicode, heidescription) VALUES (11, '150cm/4''11"');
INSERT INTO public.height(heicode, heidescription) VALUES (12, '151cm/4''11½"');
INSERT INTO public.height(heicode, heidescription) VALUES (13, '152cm/5''');
INSERT INTO public.height(heicode, heidescription) VALUES (14, '153cm/5''');
INSERT INTO public.height(heicode, heidescription) VALUES (15, '154cm/5''½"');
INSERT INTO public.height(heicode, heidescription) VALUES (16, '155cm/5''1"');
INSERT INTO public.height(heicode, heidescription) VALUES (17, '156cm/5''1½"');
INSERT INTO public.height(heicode, heidescription) VALUES (18, '157cm/5''2"');
INSERT INTO public.height(heicode, heidescription) VALUES (19, '158cm/5''2"');
INSERT INTO public.height(heicode, heidescription) VALUES (20, '159cm/5''2½"');
INSERT INTO public.height(heicode, heidescription) VALUES (21, '160cm/5''3"');
INSERT INTO public.height(heicode, heidescription) VALUES (22, '161cm/5''3½"');
INSERT INTO public.height(heicode, heidescription) VALUES (23, '162cm/5''4"');
INSERT INTO public.height(heicode, heidescription) VALUES (24, '163cm/5''4"');
INSERT INTO public.height(heicode, heidescription) VALUES (25, '164cm/5''4½"');
INSERT INTO public.height(heicode, heidescription) VALUES (26, '165cm/5''5"');
INSERT INTO public.height(heicode, heidescription) VALUES (27, '166cm/5''5½"');
INSERT INTO public.height(heicode, heidescription) VALUES (28, '167cm/5''5½"');
INSERT INTO public.height(heicode, heidescription) VALUES (29, '168cm/5''6"');
INSERT INTO public.height(heicode, heidescription) VALUES (30, '169cm/5''6½"');
INSERT INTO public.height(heicode, heidescription) VALUES (31, '170cm/5''7"');
INSERT INTO public.height(heicode, heidescription) VALUES (32, '171cm/5''7½"');
INSERT INTO public.height(heicode, heidescription) VALUES (33, '172cm/5''7½"');
INSERT INTO public.height(heicode, heidescription) VALUES (34, '173cm/5''8"');
INSERT INTO public.height(heicode, heidescription) VALUES (35, '174cm/5''8½"');
INSERT INTO public.height(heicode, heidescription) VALUES (36, '175cm/5''9"');
INSERT INTO public.height(heicode, heidescription) VALUES (37, '176cm/5''9½"');
INSERT INTO public.height(heicode, heidescription) VALUES (38, '177cm/5''9½"');
INSERT INTO public.height(heicode, heidescription) VALUES (39, '178cm/5''10"');
INSERT INTO public.height(heicode, heidescription) VALUES (40, '179cm/5''10½"');
INSERT INTO public.height(heicode, heidescription) VALUES (41, '180cm/5''11"');
INSERT INTO public.height(heicode, heidescription) VALUES (42, '181cm/5''11½"');
INSERT INTO public.height(heicode, heidescription) VALUES (43, '182cm/5''11½"');
INSERT INTO public.height(heicode, heidescription) VALUES (44, '183cm/6''');
INSERT INTO public.height(heicode, heidescription) VALUES (45, '184cm/6''½"');
INSERT INTO public.height(heicode, heidescription) VALUES (46, '185cm/6''1"');
INSERT INTO public.height(heicode, heidescription) VALUES (47, '186cm/6''1"');
INSERT INTO public.height(heicode, heidescription) VALUES (48, '187cm/6''1½"');
INSERT INTO public.height(heicode, heidescription) VALUES (49, '188cm/6''2"');
INSERT INTO public.height(heicode, heidescription) VALUES (50, '189cm/6''2½"');
INSERT INTO public.height(heicode, heidescription) VALUES (51, '190cm/6''3"');
INSERT INTO public.height(heicode, heidescription) VALUES (52, '191cm/6''3"');
INSERT INTO public.height(heicode, heidescription) VALUES (53, '192cm/6''3½"');
INSERT INTO public.height(heicode, heidescription) VALUES (54, '193cm/6''4');
INSERT INTO public.height(heicode, heidescription) VALUES (55, '194cm/6''4½"');
INSERT INTO public.height(heicode, heidescription) VALUES (56, '195cm/6''5"');
INSERT INTO public.height(heicode, heidescription) VALUES (57, '196cm/6''5"');
INSERT INTO public.height(heicode, heidescription) VALUES (58, '197cm/6''5½"');
INSERT INTO public.height(heicode, heidescription) VALUES (59, '198cm/6''6"');
INSERT INTO public.height(heicode, heidescription) VALUES (60, '199cm/6''6½"');
INSERT INTO public.height(heicode, heidescription) VALUES (61, '200cm/6''6½"');
INSERT INTO public.height(heicode, heidescription) VALUES (62, '201cm/6''7"');
INSERT INTO public.height(heicode, heidescription) VALUES (63, '202cm/6''7½"');
INSERT INTO public.height(heicode, heidescription) VALUES (64, '203cm/6''8"');
INSERT INTO public.height(heicode, heidescription) VALUES (65, '204cm/6''8½"');
INSERT INTO public.height(heicode, heidescription) VALUES (66, '205cm/6''8½"');
INSERT INTO public.height(heicode, heidescription) VALUES (67, '206cm/6''9"');
INSERT INTO public.height(heicode, heidescription) VALUES (68, '207cm/6''9½"');
INSERT INTO public.height(heicode, heidescription) VALUES (69, '208cm/6''10"');
INSERT INTO public.height(heicode, heidescription) VALUES (70, '209cm/6''10½"');
INSERT INTO public.height(heicode, heidescription) VALUES (71, '210cm/6''11"');

-- Insert Weight types
INSERT INTO public.weight(weicode, weidescription) VALUES (1,'35 kg/77 lbs');
INSERT INTO public.weight(weicode, weidescription) VALUES (2,'36 kg/79 lbs');
INSERT INTO public.weight(weicode, weidescription) VALUES (3,'37 kg/81 lbs');
INSERT INTO public.weight(weicode, weidescription) VALUES (4,'38 kg/84 lbs');
INSERT INTO public.weight(weicode, weidescription) VALUES (5,'39 kg/86 lbs');
INSERT INTO public.weight(weicode, weidescription) VALUES (6,'40 kg/88 lbs');
INSERT INTO public.weight(weicode, weidescription) VALUES (7,'41 kg/90 lbs');
INSERT INTO public.weight(weicode, weidescription) VALUES (8,'42 kg/92 lbs');
INSERT INTO public.weight(weicode, weidescription) VALUES (9,'43 kg/95 lbs');
INSERT INTO public.weight(weicode, weidescription) VALUES (10,'44 kg/97 lbs');
INSERT INTO public.weight(weicode, weidescription) VALUES (11,'45 kg/99 lbs');
INSERT INTO public.weight(weicode, weidescription) VALUES (12,'46 kg/101 lbs');
INSERT INTO public.weight(weicode, weidescription) VALUES (13,'47 kg/103 lbs');
INSERT INTO public.weight(weicode, weidescription) VALUES (14,'48 kg/106 lbs');
INSERT INTO public.weight(weicode, weidescription) VALUES (15,'49 kg/108 lbs');
INSERT INTO public.weight(weicode, weidescription) VALUES (16,'50 kg/110 lbs');
INSERT INTO public.weight(weicode, weidescription) VALUES (17,'51 kg/112 lbs');
INSERT INTO public.weight(weicode, weidescription) VALUES (18,'52 kg/114 lbs');
INSERT INTO public.weight(weicode, weidescription) VALUES (19,'53 kg/117 lbs');
INSERT INTO public.weight(weicode, weidescription) VALUES (20,'54 kg/119 lbs');
INSERT INTO public.weight(weicode, weidescription) VALUES (21,'55 kg/121 lbs');
INSERT INTO public.weight(weicode, weidescription) VALUES (22,'56 kg/123 lbs');
INSERT INTO public.weight(weicode, weidescription) VALUES (23,'57 kg/125 lbs');
INSERT INTO public.weight(weicode, weidescription) VALUES (24,'58 kg/128 lbs');
INSERT INTO public.weight(weicode, weidescription) VALUES (25,'59 kg/130 lbs');
INSERT INTO public.weight(weicode, weidescription) VALUES (26,'60 kg/132 lbs');
INSERT INTO public.weight(weicode, weidescription) VALUES (27,'61 kg/134 lbs');
INSERT INTO public.weight(weicode, weidescription) VALUES (28,'62 kg/136 lbs');
INSERT INTO public.weight(weicode, weidescription) VALUES (29,'63 kg/139 lbs');
INSERT INTO public.weight(weicode, weidescription) VALUES (30,'64 kg/141 lbs');
INSERT INTO public.weight(weicode, weidescription) VALUES (31,'65 kg/143 lbs');
INSERT INTO public.weight(weicode, weidescription) VALUES (32,'66 kg/145 lbs');
INSERT INTO public.weight(weicode, weidescription) VALUES (33,'67 kg/147 lbs');
INSERT INTO public.weight(weicode, weidescription) VALUES (34,'68 kg/150 lbs');
INSERT INTO public.weight(weicode, weidescription) VALUES (35,'69 kg/152 lbs');
INSERT INTO public.weight(weicode, weidescription) VALUES (36,'70 kg/154 lbs');
INSERT INTO public.weight(weicode, weidescription) VALUES (37,'71 kg/156 lbs');
INSERT INTO public.weight(weicode, weidescription) VALUES (38,'72 kg/158 lbs');
INSERT INTO public.weight(weicode, weidescription) VALUES (39,'73 kg/161 lbs');
INSERT INTO public.weight(weicode, weidescription) VALUES (40,'74 kg/163 lbs');
INSERT INTO public.weight(weicode, weidescription) VALUES (41,'75 kg/165 lbs');
INSERT INTO public.weight(weicode, weidescription) VALUES (42,'76 kg/167 lbs');
INSERT INTO public.weight(weicode, weidescription) VALUES (43,'77 kg/169 lbs');
INSERT INTO public.weight(weicode, weidescription) VALUES (44,'78 kg/172 lbs');
INSERT INTO public.weight(weicode, weidescription) VALUES (45,'79 kg/174 lbs');
INSERT INTO public.weight(weicode, weidescription) VALUES (46,'80 kg/176 lbs');
INSERT INTO public.weight(weicode, weidescription) VALUES (47,'81 kg/178 lbs');
INSERT INTO public.weight(weicode, weidescription) VALUES (48,'82 kg/180 lbs');
INSERT INTO public.weight(weicode, weidescription) VALUES (49,'83 kg/183 lbs');
INSERT INTO public.weight(weicode, weidescription) VALUES (50,'84 kg/185 lbs');
INSERT INTO public.weight(weicode, weidescription) VALUES (51,'85 kg/187 lbs');
INSERT INTO public.weight(weicode, weidescription) VALUES (52,'86 kg/189 lbs');
INSERT INTO public.weight(weicode, weidescription) VALUES (53,'87 kg/191 lbs');
INSERT INTO public.weight(weicode, weidescription) VALUES (54,'88 kg/194 lbs');
INSERT INTO public.weight(weicode, weidescription) VALUES (55,'89 kg/196 lbs');
INSERT INTO public.weight(weicode, weidescription) VALUES (56,'90 kg/198 lbs');
INSERT INTO public.weight(weicode, weidescription) VALUES (57,'91 kg/200 lbs');
INSERT INTO public.weight(weicode, weidescription) VALUES (58,'92 kg/202 lbs');
INSERT INTO public.weight(weicode, weidescription) VALUES (59,'93 kg/205 lbs');
INSERT INTO public.weight(weicode, weidescription) VALUES (60,'94 kg/207 lbs');
INSERT INTO public.weight(weicode, weidescription) VALUES (61,'95 kg/209 lbs');
INSERT INTO public.weight(weicode, weidescription) VALUES (62,'96 kg/211 lbs');
INSERT INTO public.weight(weicode, weidescription) VALUES (63,'97 kg/213 lbs');
INSERT INTO public.weight(weicode, weidescription) VALUES (64,'98 kg/216 lbs');
INSERT INTO public.weight(weicode, weidescription) VALUES (65,'99 kg/218 lbs');
INSERT INTO public.weight(weicode, weidescription) VALUES (66,'100 kg/220 lbs');
INSERT INTO public.weight(weicode, weidescription) VALUES (67,'101 kg/222 lbs');
INSERT INTO public.weight(weicode, weidescription) VALUES (68,'102 kg/224 lbs');
INSERT INTO public.weight(weicode, weidescription) VALUES (69,'103 kg/227 lbs');
INSERT INTO public.weight(weicode, weidescription) VALUES (70,'104 kg/229 lbs');
INSERT INTO public.weight(weicode, weidescription) VALUES (71,'105 kg/231 lbs');
INSERT INTO public.weight(weicode, weidescription) VALUES (72,'106 kg/233 lbs');
INSERT INTO public.weight(weicode, weidescription) VALUES (73,'107 kg/235 lbs');
INSERT INTO public.weight(weicode, weidescription) VALUES (74,'108 kg/238 lbs');
INSERT INTO public.weight(weicode, weidescription) VALUES (75,'109 kg/240 lbs');
INSERT INTO public.weight(weicode, weidescription) VALUES (76,'110 kg/242 lbs');
INSERT INTO public.weight(weicode, weidescription) VALUES (77,'111 kg/244 lbs');
INSERT INTO public.weight(weicode, weidescription) VALUES (78,'112 kg/246 lbs');
INSERT INTO public.weight(weicode, weidescription) VALUES (79,'113 kg/249 lbs');
INSERT INTO public.weight(weicode, weidescription) VALUES (80,'114 kg/251 lbs');
INSERT INTO public.weight(weicode, weidescription) VALUES (81,'115 kg/253 lbs');
INSERT INTO public.weight(weicode, weidescription) VALUES (82,'116 kg/255 lbs');
INSERT INTO public.weight(weicode, weidescription) VALUES (83,'117 kg/257 lbs');
INSERT INTO public.weight(weicode, weidescription) VALUES (84,'118 kg/260 lbs');
INSERT INTO public.weight(weicode, weidescription) VALUES (85,'119 kg/262 lbs');
INSERT INTO public.weight(weicode, weidescription) VALUES (86,'120 kg/264 lbs');

--USERS
INSERT INTO public.auth_user(id,password,last_login,is_superuser,username,first_name,last_name,email,is_staff,is_active,date_joined) VALUES(1,'argon2$argon2i$v=19$m=512,t=2,p=2$N1JvaVMxUmFuVWFD$HMOBkM/dPKvMmv6Gu4a1aw','2016-10-17 11:48:55.515692-05',TRUE,'admin','Administrator','{"gen":1,"min":18,"max":35}','admin@ikoncompany.com',TRUE,TRUE,'2016-10-17 10:42:26.228132-05');
INSERT INTO public.auth_user(id,password,last_login,is_superuser,username,first_name,last_name,email,is_staff,is_active,date_joined) VALUES(2,'argon2$argon2i$v=19$m=512,t=2,p=2$WmQwNm9GZ2dtb3VI$IaN+r0XXjPJlH+WilmG4Vw','2016-10-19 10:20:23.731404-05',FALSE,'any','Anastacia','{"gen":2,"min":18,"max":35}','user1@ikoncompany.com',FALSE,TRUE,'2016-10-17 11:45:27.416864-05');
INSERT INTO public.auth_user(id,password,last_login,is_superuser,username,first_name,last_name,email,is_staff,is_active,date_joined) VALUES(3,'argon2$argon2i$v=19$m=512,t=2,p=2$STJkbDhHTm1uMGR2$ELgmRINvsHIVI1EN0675pw','2016-10-20 11:45:53.119983-05',FALSE,'katlyn','Kate','{"gen":2,"min":18,"max":37}','user2@ikoncompany.com',FALSE,TRUE,'2016-10-17 12:17:34.300467-05');
INSERT INTO public.auth_user(id,password,last_login,is_superuser,username,first_name,last_name,email,is_staff,is_active,date_joined) VALUES(4,'argon2$argon2i$v=19$m=512,t=2,p=2$SEVIVTg3elR5aDRr$SJiiD5imMzdZ0xiKYHdAwg','2016-10-17 12:18:59.462127-05',FALSE,'alys','Alexa','{"gen":2,"min":18,"max":61}','user3@ikoncompany.com',FALSE,TRUE,'2016-10-17 12:18:59.414093-05');
INSERT INTO public.auth_user(id,password,last_login,is_superuser,username,first_name,last_name,email,is_staff,is_active,date_joined) VALUES(5,'argon2$argon2i$v=19$m=512,t=2,p=2$Z1lhcG5SdGJHeU92$uBlqkZS4o/qGtq7MDMHVCQ','2016-10-17 12:22:14.654121-05',FALSE,'poppins','Mary','{"gen":2,"min":18,"max":37}','user4@ikoncompany.com',FALSE,TRUE,'2016-10-17 12:22:14.59809-05');
INSERT INTO public.auth_user(id,password,last_login,is_superuser,username,first_name,last_name,email,is_staff,is_active,date_joined) VALUES(6,'argon2$argon2i$v=19$m=512,t=2,p=2$Y0JlN2hGNlBsTkFy$Q6OD/GGMBFk7i7qndz+RFQ','2016-10-17 12:40:01.051412-05',FALSE,'caro','Carolina','{"gen":2,"min":18,"max":37}','user5@ikoncompany.com',FALSE,TRUE,'2016-10-17 12:40:00.943397-05');
INSERT INTO public.auth_user(id,password,last_login,is_superuser,username,first_name,last_name,email,is_staff,is_active,date_joined) VALUES(7,'argon2$argon2i$v=19$m=512,t=2,p=2$bXpUVDFESmRtTm40$wnW2RpfYL3hA76m2+mUB9Q','2016-10-17 12:46:47.337521-05',FALSE,'julyz','July','{"gen":2,"min":18,"max":96}','user6@ikoncompany.com',FALSE,TRUE,'2016-10-17 12:46:47.261486-05');
INSERT INTO public.auth_user(id,password,last_login,is_superuser,username,first_name,last_name,email,is_staff,is_active,date_joined) VALUES(8,'argon2$argon2i$v=19$m=512,t=2,p=2$eU9wRWx6UXJHZnRB$vUomIj4QYoX6MC+3SzGUmg','2016-10-19 12:58:44.106473-05',FALSE,'kikiz','Kiki','{"gen":2,"min":18,"max":46}','user7@ikoncompany.com',FALSE,TRUE,'2016-10-19 12:58:43.991969-05');
INSERT INTO public.auth_user(id,password,last_login,is_superuser,username,first_name,last_name,email,is_staff,is_active,date_joined) VALUES(9,'argon2$argon2i$v=19$m=512,t=2,p=2$ZHR6WTRlVlBBbWpr$IECFkqwaHrYjU+S3TbhldA','2016-10-19 13:34:44.512993-05',FALSE,'tina','Florentina','{"gen":2,"min":18,"max":99}','user8@ikoncompany.com',FALSE,TRUE,'2016-10-19 13:34:44.437805-05');
INSERT INTO public.auth_user(id,password,last_login,is_superuser,username,first_name,last_name,email,is_staff,is_active,date_joined) VALUES(10,'argon2$argon2i$v=19$m=512,t=2,p=2$SkNQR1lMMHRqeGV6$/kP5JKIMrwQuyV8Vyxob7g','2016-10-19 13:43:07.477589-05',FALSE,'cory','Coral','{"gen":2,"min":18,"max":69}','user9@ikoncompany.com',FALSE,TRUE,'2016-10-19 13:43:07.421976-05');
INSERT INTO public.auth_user(id,password,last_login,is_superuser,username,first_name,last_name,email,is_staff,is_active,date_joined) VALUES(11,'argon2$argon2i$v=19$m=512,t=2,p=2$cUJnVXBBUEFsSkZX$r8M1yVtwbHVD7uAFTnkjPw','2016-10-20 12:20:42.409604-05',FALSE,'ratona','Mimi','{"gen":2,"min":18,"max":99}','user10@ikoncompany.com',FALSE,TRUE,'2016-10-20 12:20:42.314623-05');
INSERT INTO public.auth_user(id,password,last_login,is_superuser,username,first_name,last_name,email,is_staff,is_active,date_joined) VALUES(12,'argon2$argon2i$v=19$m=512,t=2,p=2$WmQwNm9GZ2dtb3VI$IaN+r0XXjPJlH+WilmG4Vw','2016-10-19 10:20:23.731404-05',FALSE,'pepito','Pepe','{"gen":1,"min":18,"max":35}','user11@ikoncompany.com',FALSE,TRUE,'2016-10-17 11:45:27.416864-05');
INSERT INTO public.auth_user(id,password,last_login,is_superuser,username,first_name,last_name,email,is_staff,is_active,date_joined) VALUES(13,'argon2$argon2i$v=19$m=512,t=2,p=2$STJkbDhHTm1uMGR2$ELgmRINvsHIVI1EN0675pw','2016-10-20 11:45:53.119983-05',FALSE,'elgrande','Oscar','{"gen":1,"min":18,"max":37}','user12@ikoncompany.com',FALSE,TRUE,'2016-10-17 12:17:34.300467-05');
INSERT INTO public.auth_user(id,password,last_login,is_superuser,username,first_name,last_name,email,is_staff,is_active,date_joined) VALUES(14,'argon2$argon2i$v=19$m=512,t=2,p=2$SEVIVTg3elR5aDRr$SJiiD5imMzdZ0xiKYHdAwg','2016-10-17 12:18:59.462127-05',FALSE,'alanys','Alan','{"gen":1,"min":18,"max":61}','user13@ikoncompany.com',FALSE,TRUE,'2016-10-17 12:18:59.414093-05');
INSERT INTO public.auth_user(id,password,last_login,is_superuser,username,first_name,last_name,email,is_staff,is_active,date_joined) VALUES(15,'argon2$argon2i$v=19$m=512,t=2,p=2$Z1lhcG5SdGJHeU92$uBlqkZS4o/qGtq7MDMHVCQ','2016-10-17 12:22:14.654121-05',FALSE,'uepa','Fernando','{"gen":1,"min":18,"max":37}','user14@ikoncompany.com',FALSE,TRUE,'2016-10-17 12:22:14.59809-05');
INSERT INTO public.auth_user(id,password,last_login,is_superuser,username,first_name,last_name,email,is_staff,is_active,date_joined) VALUES(16,'argon2$argon2i$v=19$m=512,t=2,p=2$Y0JlN2hGNlBsTkFy$Q6OD/GGMBFk7i7qndz+RFQ','2016-10-17 12:40:01.051412-05',FALSE,'tom','Tony','{"gen":1,"min":18,"max":37}','user15@ikoncompany.com',FALSE,TRUE,'2016-10-17 12:40:00.943397-05');
INSERT INTO public.auth_user(id,password,last_login,is_superuser,username,first_name,last_name,email,is_staff,is_active,date_joined) VALUES(17,'argon2$argon2i$v=19$m=512,t=2,p=2$bXpUVDFESmRtTm40$wnW2RpfYL3hA76m2+mUB9Q','2016-10-17 12:46:47.337521-05',FALSE,'audaz007','Marco','{"gen":1,"min":18,"max":96}','user16@ikoncompany.com',FALSE,TRUE,'2016-10-17 12:46:47.261486-05');
INSERT INTO public.auth_user(id,password,last_login,is_superuser,username,first_name,last_name,email,is_staff,is_active,date_joined) VALUES(18,'argon2$argon2i$v=19$m=512,t=2,p=2$eU9wRWx6UXJHZnRB$vUomIj4QYoX6MC+3SzGUmg','2016-10-19 12:58:44.106473-05',FALSE,'negrin','Edgar','{"gen":1,"min":18,"max":46}','user17@ikoncompany.com',FALSE,TRUE,'2016-10-19 12:58:43.991969-05');
INSERT INTO public.auth_user(id,password,last_login,is_superuser,username,first_name,last_name,email,is_staff,is_active,date_joined) VALUES(19,'argon2$argon2i$v=19$m=512,t=2,p=2$ZHR6WTRlVlBBbWpr$IECFkqwaHrYjU+S3TbhldA','2016-10-19 13:34:44.512993-05',FALSE,'ernis','Ernesto','{"gen":1,"min":18,"max":99}','user18@ikoncompany.com',FALSE,TRUE,'2016-10-19 13:34:44.437805-05');
INSERT INTO public.auth_user(id,password,last_login,is_superuser,username,first_name,last_name,email,is_staff,is_active,date_joined) VALUES(20,'argon2$argon2i$v=19$m=512,t=2,p=2$SkNQR1lMMHRqeGV6$/kP5JKIMrwQuyV8Vyxob7g','2016-10-19 13:43:07.477589-05',FALSE,'lugui','Luis','{"gen":1,"min":18,"max":69}','user19@ikoncompany.com',FALSE,TRUE,'2016-10-19 13:43:07.421976-05');
INSERT INTO public.auth_user(id,password,last_login,is_superuser,username,first_name,last_name,email,is_staff,is_active,date_joined) VALUES(21,'argon2$argon2i$v=19$m=512,t=2,p=2$cUJnVXBBUEFsSkZX$r8M1yVtwbHVD7uAFTnkjPw','2016-10-20 12:20:42.409604-05',FALSE,'mike','Miguel','{"gen":1,"min":18,"max":99}','user20@ikoncompany.com',FALSE,TRUE,'2016-10-20 12:20:42.314623-05');
INSERT INTO public.auth_user(id,password,last_login,is_superuser,username,first_name,last_name,email,is_staff,is_active,date_joined) VALUES(22,'argon2$argon2i$v=19$m=512,t=2,p=2$cUJnVXBBUEFsSkZX$r8M1yVtwbHVD7uAFTnkjPw','2016-10-20 12:20:42.409604-05',FALSE,'mary','Maritza','{"gen":2,"min":18,"max":99}','maritza@ikoncompany.com',FALSE,TRUE,'2016-10-20 12:20:42.314623-05');
INSERT INTO public.auth_user(id,password,last_login,is_superuser,username,first_name,last_name,email,is_staff,is_active,date_joined) VALUES(23,'argon2$argon2i$v=19$m=512,t=2,p=2$cUJnVXBBUEFsSkZX$r8M1yVtwbHVD7uAFTnkjPw','2016-10-20 12:20:42.409604-05',FALSE,'manager1','Manager1','{"gen":1,"min":18,"max":99}','manager1@ikoncompany.com',FALSE,TRUE,'2016-10-20 12:20:42.314623-05');
INSERT INTO public.auth_user(id,password,last_login,is_superuser,username,first_name,last_name,email,is_staff,is_active,date_joined) VALUES(24,'argon2$argon2i$v=19$m=512,t=2,p=2$cUJnVXBBUEFsSkZX$r8M1yVtwbHVD7uAFTnkjPw','2016-10-20 12:20:42.409604-05',FALSE,'manager2','Manager2','{"gen":1,"min":18,"max":99}','manager2@ikoncompany.com',FALSE,TRUE,'2016-10-20 12:20:42.314623-05');
INSERT INTO public.auth_user(id,password,last_login,is_superuser,username,first_name,last_name,email,is_staff,is_active,date_joined) VALUES(25,'argon2$argon2i$v=19$m=512,t=2,p=2$WmQwNm9GZ2dtb3VI$IaN+r0XXjPJlH+WilmG4Vw','2016-10-19 10:20:23.731404-05',FALSE,'hei','Heidy','{"gen":2,"min":18,"max":35}','user24@ikoncompany.com',FALSE,TRUE,'2016-10-17 11:45:27.416864-05');
INSERT INTO public.auth_user(id,password,last_login,is_superuser,username,first_name,last_name,email,is_staff,is_active,date_joined) VALUES(26,'argon2$argon2i$v=19$m=512,t=2,p=2$STJkbDhHTm1uMGR2$ELgmRINvsHIVI1EN0675pw','2016-10-20 11:45:53.119983-05',FALSE,'gata','Yoli','{"gen":2,"min":18,"max":37}','user25@ikoncompany.com',FALSE,TRUE,'2016-10-17 12:17:34.300467-05');
INSERT INTO public.auth_user(id,password,last_login,is_superuser,username,first_name,last_name,email,is_staff,is_active,date_joined) VALUES(27,'argon2$argon2i$v=19$m=512,t=2,p=2$SEVIVTg3elR5aDRr$SJiiD5imMzdZ0xiKYHdAwg','2016-10-17 12:18:59.462127-05',FALSE,'nale','Nalexi','{"gen":2,"min":18,"max":61}','user26@ikoncompany.com',FALSE,TRUE,'2016-10-17 12:18:59.414093-05');
INSERT INTO public.auth_user(id,password,last_login,is_superuser,username,first_name,last_name,email,is_staff,is_active,date_joined) VALUES(28,'argon2$argon2i$v=19$m=512,t=2,p=2$Z1lhcG5SdGJHeU92$uBlqkZS4o/qGtq7MDMHVCQ','2016-10-17 12:22:14.654121-05',FALSE,'pupins','Andrea','{"gen":2,"min":18,"max":37}','user27@ikoncompany.com',FALSE,TRUE,'2016-10-17 12:22:14.59809-05');
INSERT INTO public.auth_user(id,password,last_login,is_superuser,username,first_name,last_name,email,is_staff,is_active,date_joined) VALUES(29,'argon2$argon2i$v=19$m=512,t=2,p=2$Y0JlN2hGNlBsTkFy$Q6OD/GGMBFk7i7qndz+RFQ','2016-10-17 12:40:01.051412-05',FALSE,'juliet','Julieta','{"gen":2,"min":18,"max":37}','user28@ikoncompany.com',FALSE,TRUE,'2016-10-17 12:40:00.943397-05');
INSERT INTO public.auth_user(id,password,last_login,is_superuser,username,first_name,last_name,email,is_staff,is_active,date_joined) VALUES(30,'argon2$argon2i$v=19$m=512,t=2,p=2$bXpUVDFESmRtTm40$wnW2RpfYL3hA76m2+mUB9Q','2016-10-17 12:46:47.337521-05',FALSE,'zori','Zorielys','{"gen":2,"min":18,"max":96}','user29@ikoncompany.com',FALSE,TRUE,'2016-10-17 12:46:47.261486-05');
INSERT INTO public.auth_user(id,password,last_login,is_superuser,username,first_name,last_name,email,is_staff,is_active,date_joined) VALUES(31,'argon2$argon2i$v=19$m=512,t=2,p=2$eU9wRWx6UXJHZnRB$vUomIj4QYoX6MC+3SzGUmg','2016-10-19 12:58:44.106473-05',FALSE,'jonj','Yaneth','{"gen":2,"min":18,"max":46}','user30@ikoncompany.com',FALSE,TRUE,'2016-10-19 12:58:43.991969-05');
INSERT INTO public.auth_user(id,password,last_login,is_superuser,username,first_name,last_name,email,is_staff,is_active,date_joined) VALUES(32,'argon2$argon2i$v=19$m=512,t=2,p=2$ZHR6WTRlVlBBbWpr$IECFkqwaHrYjU+S3TbhldA','2016-10-19 13:34:44.512993-05',FALSE,'munda','Chilindrina','{"gen":2,"min":18,"max":99}','user31@ikoncompany.com',FALSE,TRUE,'2016-10-19 13:34:44.437805-05');
INSERT INTO public.auth_user(id,password,last_login,is_superuser,username,first_name,last_name,email,is_staff,is_active,date_joined) VALUES(33,'argon2$argon2i$v=19$m=512,t=2,p=2$SkNQR1lMMHRqeGV6$/kP5JKIMrwQuyV8Vyxob7g','2016-10-19 13:43:07.477589-05',FALSE,'coraly','Coraly','{"gen":2,"min":18,"max":69}','user32@ikoncompany.com',FALSE,TRUE,'2016-10-19 13:43:07.421976-05');
INSERT INTO public.auth_user(id,password,last_login,is_superuser,username,first_name,last_name,email,is_staff,is_active,date_joined) VALUES(34,'argon2$argon2i$v=19$m=512,t=2,p=2$cUJnVXBBUEFsSkZX$r8M1yVtwbHVD7uAFTnkjPw','2016-10-20 12:20:42.409604-05',FALSE,'rali22','Rafaela','{"gen":2,"min":18,"max":99}','user33@ikoncompany.com',FALSE,TRUE,'2016-10-20 12:20:42.314623-05');
INSERT INTO public.auth_user(id,password,last_login,is_superuser,username,first_name,last_name,email,is_staff,is_active,date_joined) VALUES(35,'argon2$argon2i$v=19$m=512,t=2,p=2$WmQwNm9GZ2dtb3VI$IaN+r0XXjPJlH+WilmG4Vw','2016-10-19 10:20:23.731404-05',FALSE,'pepe12','Pedro','{"gen":1,"min":18,"max":35}','user34@ikoncompany.com',FALSE,TRUE,'2016-10-17 11:45:27.416864-05');
INSERT INTO public.auth_user(id,password,last_login,is_superuser,username,first_name,last_name,email,is_staff,is_active,date_joined) VALUES(36,'argon2$argon2i$v=19$m=512,t=2,p=2$STJkbDhHTm1uMGR2$ELgmRINvsHIVI1EN0675pw','2016-10-20 11:45:53.119983-05',FALSE,'roskjl','Jackecooth','{"gen":1,"min":18,"max":37}','user35@ikoncompany.com',FALSE,TRUE,'2016-10-17 12:17:34.300467-05');
INSERT INTO public.auth_user(id,password,last_login,is_superuser,username,first_name,last_name,email,is_staff,is_active,date_joined) VALUES(37,'argon2$argon2i$v=19$m=512,t=2,p=2$SEVIVTg3elR5aDRr$SJiiD5imMzdZ0xiKYHdAwg','2016-10-17 12:18:59.462127-05',FALSE,'jefry','Jefferson','{"gen":1,"min":18,"max":61}','user36@ikoncompany.com',FALSE,TRUE,'2016-10-17 12:18:59.414093-05');
INSERT INTO public.auth_user(id,password,last_login,is_superuser,username,first_name,last_name,email,is_staff,is_active,date_joined) VALUES(38,'argon2$argon2i$v=19$m=512,t=2,p=2$Z1lhcG5SdGJHeU92$uBlqkZS4o/qGtq7MDMHVCQ','2016-10-17 12:22:14.654121-05',FALSE,'gordetes','Kevin','{"gen":1,"min":18,"max":37}','user37@ikoncompany.com',FALSE,TRUE,'2016-10-17 12:22:14.59809-05');
INSERT INTO public.auth_user(id,password,last_login,is_superuser,username,first_name,last_name,email,is_staff,is_active,date_joined) VALUES(39,'argon2$argon2i$v=19$m=512,t=2,p=2$Y0JlN2hGNlBsTkFy$Q6OD/GGMBFk7i7qndz+RFQ','2016-10-17 12:40:01.051412-05',FALSE,'anthony','Marck','{"gen":1,"min":18,"max":37}','user38@ikoncompany.com',FALSE,TRUE,'2016-10-17 12:40:00.943397-05');
INSERT INTO public.auth_user(id,password,last_login,is_superuser,username,first_name,last_name,email,is_staff,is_active,date_joined) VALUES(40,'argon2$argon2i$v=19$m=512,t=2,p=2$bXpUVDFESmRtTm40$wnW2RpfYL3hA76m2+mUB9Q','2016-10-17 12:46:47.337521-05',FALSE,'romeo','Romeo','{"gen":1,"min":18,"max":96}','user39@ikoncompany.com',FALSE,TRUE,'2016-10-17 12:46:47.261486-05');
INSERT INTO public.auth_user(id,password,last_login,is_superuser,username,first_name,last_name,email,is_staff,is_active,date_joined) VALUES(41,'argon2$argon2i$v=19$m=512,t=2,p=2$eU9wRWx6UXJHZnRB$vUomIj4QYoX6MC+3SzGUmg','2016-10-19 12:58:44.106473-05',FALSE,'eli','Elias','{"gen":1,"min":18,"max":46}','user40@ikoncompany.com',FALSE,TRUE,'2016-10-19 12:58:43.991969-05');
INSERT INTO public.auth_user(id,password,last_login,is_superuser,username,first_name,last_name,email,is_staff,is_active,date_joined) VALUES(42,'argon2$argon2i$v=19$m=512,t=2,p=2$ZHR6WTRlVlBBbWpr$IECFkqwaHrYjU+S3TbhldA','2016-10-19 13:34:44.512993-05',FALSE,'erickin','Erick Andres','{"gen":1,"min":18,"max":99}','user41@ikoncompany.com',FALSE,TRUE,'2016-10-19 13:34:44.437805-05');
INSERT INTO public.auth_user(id,password,last_login,is_superuser,username,first_name,last_name,email,is_staff,is_active,date_joined) VALUES(43,'argon2$argon2i$v=19$m=512,t=2,p=2$SkNQR1lMMHRqeGV6$/kP5JKIMrwQuyV8Vyxob7g','2016-10-19 13:43:07.477589-05',FALSE,'alanjo','Alan Jose','{"gen":1,"min":18,"max":69}','user42@ikoncompany.com',FALSE,TRUE,'2016-10-19 13:43:07.421976-05');
INSERT INTO public.auth_user(id,password,last_login,is_superuser,username,first_name,last_name,email,is_staff,is_active,date_joined) VALUES(44,'argon2$argon2i$v=19$m=512,t=2,p=2$cUJnVXBBUEFsSkZX$r8M1yVtwbHVD7uAFTnkjPw','2016-10-20 12:20:42.409604-05',FALSE,'javi','Javier','{"gen":1,"min":18,"max":99}','user43@ikoncompany.com',FALSE,TRUE,'2016-10-20 12:20:42.314623-05');
INSERT INTO public.auth_user(id,password,last_login,is_superuser,username,first_name,last_name,email,is_staff,is_active,date_joined) VALUES(45,'argon2$argon2i$v=19$m=512,t=2,p=2$cUJnVXBBUEFsSkZX$r8M1yVtwbHVD7uAFTnkjPw','2016-10-20 12:20:42.409604-05',FALSE,'reyes','Reyes','{"gen":1,"min":18,"max":99}','user44@ikoncompany.com',FALSE,TRUE,'2016-10-20 12:20:42.314623-05');
INSERT INTO public.auth_user(id,password,last_login,is_superuser,username,first_name,last_name,email,is_staff,is_active,date_joined) VALUES(46,'argon2$argon2i$v=19$m=512,t=2,p=2$cUJnVXBBUEFsSkZX$r8M1yVtwbHVD7uAFTnkjPw','2016-10-20 12:20:42.409604-05',FALSE,'juanes','Juanes','{"gen":1,"min":18,"max":99}','user45@ikoncompany.com',FALSE,TRUE,'2016-10-20 12:20:42.314623-05');
INSERT INTO public.auth_user(id,password,last_login,is_superuser,username,first_name,last_name,email,is_staff,is_active,date_joined) VALUES(47,'argon2$argon2i$v=19$m=512,t=2,p=2$cUJnVXBBUEFsSkZX$r8M1yVtwbHVD7uAFTnkjPw','2016-10-20 12:20:42.409604-05',FALSE,'mariainea','Ines','{"gen":2,"min":18,"max":99}','user46@ikoncompany.com',FALSE,TRUE,'2016-10-20 12:20:42.314623-05');
INSERT INTO public.auth_user(id,password,last_login,is_superuser,username,first_name,last_name,email,is_staff,is_active,date_joined) VALUES(48,'argon2$argon2i$v=19$m=512,t=2,p=2$cUJnVXBBUEFsSkZX$r8M1yVtwbHVD7uAFTnkjPw','2016-10-20 12:20:42.409604-05',FALSE,'marianela','Marianela','{"gen":2,"min":18,"max":99}','user47@ikoncompany.com',FALSE,TRUE,'2016-10-20 12:20:42.314623-05');
INSERT INTO public.auth_user(id,password,last_login,is_superuser,username,first_name,last_name,email,is_staff,is_active,date_joined) VALUES(49,'argon2$argon2i$v=19$m=512,t=2,p=2$cUJnVXBBUEFsSkZX$r8M1yVtwbHVD7uAFTnkjPw','2016-10-20 12:20:42.409604-05',FALSE,'baron','Baron','{"gen":1,"min":18,"max":99}','user48@ikoncompany.com',FALSE,TRUE,'2016-10-20 12:20:42.314623-05');
INSERT INTO public.auth_user(id,password,last_login,is_superuser,username,first_name,last_name,email,is_staff,is_active,date_joined) VALUES(50,'argon2$argon2i$v=19$m=512,t=2,p=2$cUJnVXBBUEFsSkZX$r8M1yVtwbHVD7uAFTnkjPw','2016-10-20 12:20:42.409604-05',FALSE,'ramon','Ramon','{"gen":1,"min":18,"max":99}','user49@ikoncompany.com',FALSE,TRUE,'2016-10-20 12:20:42.314623-05');
INSERT INTO public.auth_user(id,password,last_login,is_superuser,username,first_name,last_name,email,is_staff,is_active,date_joined) VALUES(51,'argon2$argon2i$v=19$m=512,t=2,p=2$cUJnVXBBUEFsSkZX$r8M1yVtwbHVD7uAFTnkjPw','2016-10-20 12:20:42.409604-05',FALSE,'yonkeiver','Yonkeiver','{"gen":1,"min":18,"max":99}','user50@ikoncompany.com',FALSE,TRUE,'2016-10-20 12:20:42.314623-05');
INSERT INTO public.auth_user(id,password,last_login,is_superuser,username,first_name,last_name,email,is_staff,is_active,date_joined) VALUES(52,'argon2$argon2i$v=19$m=512,t=2,p=2$cUJnVXBBUEFsSkZX$r8M1yVtwbHVD7uAFTnkjPw','2016-10-20 12:20:42.409604-05',FALSE,'ariel','Anriel','{"gen":1,"min":18,"max":99}','user51@ikoncompany.com',FALSE,TRUE,'2016-10-20 12:20:42.314623-05');
INSERT INTO public.auth_user(id,password,last_login,is_superuser,username,first_name,last_name,email,is_staff,is_active,date_joined) VALUES(53,'argon2$argon2i$v=19$m=512,t=2,p=2$cUJnVXBBUEFsSkZX$r8M1yVtwbHVD7uAFTnkjPw','2016-10-20 12:20:42.409604-05',FALSE,'leoleo','Leonardo','{"gen":1,"min":18,"max":99}','user52@ikoncompany.com',FALSE,TRUE,'2016-10-20 12:20:42.314623-05');
INSERT INTO public.auth_user(id,password,last_login,is_superuser,username,first_name,last_name,email,is_staff,is_active,date_joined) VALUES(54,'argon2$argon2i$v=19$m=512,t=2,p=2$cUJnVXBBUEFsSkZX$r8M1yVtwbHVD7uAFTnkjPw','2016-10-20 12:20:42.409604-05',FALSE,'ramse','Ramse','{"gen":1,"min":18,"max":99}','user53@ikoncompany.com',FALSE,TRUE,'2016-10-20 12:20:42.314623-05');
INSERT INTO public.auth_user(id,password,last_login,is_superuser,username,first_name,last_name,email,is_staff,is_active,date_joined) VALUES(55,'argon2$argon2i$v=19$m=512,t=2,p=2$cUJnVXBBUEFsSkZX$r8M1yVtwbHVD7uAFTnkjPw','2016-10-20 12:20:42.409604-05',FALSE,'david','David','{"gen":1,"min":18,"max":99}','user54@ikoncompany.com',FALSE,TRUE,'2016-10-20 12:20:42.314623-05');
INSERT INTO public.auth_user(id,password,last_login,is_superuser,username,first_name,last_name,email,is_staff,is_active,date_joined) VALUES(56,'argon2$argon2i$v=19$m=512,t=2,p=2$cUJnVXBBUEFsSkZX$r8M1yVtwbHVD7uAFTnkjPw','2016-10-20 12:20:42.409604-05',FALSE,'freddy','Freddy','{"gen":1,"min":18,"max":99}','user55@ikoncompany.com',FALSE,TRUE,'2016-10-20 12:20:42.314623-05');
INSERT INTO public.auth_user(id,password,last_login,is_superuser,username,first_name,last_name,email,is_staff,is_active,date_joined) VALUES(57,'argon2$argon2i$v=19$m=512,t=2,p=2$cUJnVXBBUEFsSkZX$r8M1yVtwbHVD7uAFTnkjPw','2016-10-20 12:20:42.409604-05',FALSE,'horus','Horus','{"gen":1,"min":18,"max":99}','user56@ikoncompany.com',FALSE,TRUE,'2016-10-20 12:20:42.314623-05');
INSERT INTO public.auth_user(id,password,last_login,is_superuser,username,first_name,last_name,email,is_staff,is_active,date_joined) VALUES(58,'argon2$argon2i$v=19$m=512,t=2,p=2$cUJnVXBBUEFsSkZX$r8M1yVtwbHVD7uAFTnkjPw','2016-10-20 12:20:42.409604-05',FALSE,'leandro','Leandro','{"gen":1,"min":18,"max":99}','user57@ikoncompany.com',FALSE,TRUE,'2016-10-20 12:20:42.314623-05');
INSERT INTO public.auth_user(id,password,last_login,is_superuser,username,first_name,last_name,email,is_staff,is_active,date_joined) VALUES(59,'argon2$argon2i$v=19$m=512,t=2,p=2$cUJnVXBBUEFsSkZX$r8M1yVtwbHVD7uAFTnkjPw','2016-10-20 12:20:42.409604-05',FALSE,'mathews','Matias','{"gen":1,"min":18,"max":99}','user58@ikoncompany.com',FALSE,TRUE,'2016-10-20 12:20:42.314623-05');
INSERT INTO public.auth_user(id,password,last_login,is_superuser,username,first_name,last_name,email,is_staff,is_active,date_joined) VALUES(60,'argon2$argon2i$v=19$m=512,t=2,p=2$cUJnVXBBUEFsSkZX$r8M1yVtwbHVD7uAFTnkjPw','2016-10-20 12:20:42.409604-05',FALSE,'rumian','Rumian','{"gen":1,"min":18,"max":99}','user59@ikoncompany.com',FALSE,TRUE,'2016-10-20 12:20:42.314623-05');
INSERT INTO public.auth_user(id,password,last_login,is_superuser,username,first_name,last_name,email,is_staff,is_active,date_joined) VALUES(61,'argon2$argon2i$v=19$m=512,t=2,p=2$VVk4TTUxOFF6M2pQ$h1dPNY+UhsyFoeJUYG9bBw','1990-12-16 12:22:11.264887-06',FALSE,'Nam','''','{"gen":1, "min":61, "max":72}','user61@ikoncompany.com',FALSE,TRUE,'2016-12-16 12:22:09.099573-06');
INSERT INTO public.auth_user(id,password,last_login,is_superuser,username,first_name,last_name,email,is_staff,is_active,date_joined) VALUES(62,'argon2$argon2i$v=19$m=512,t=2,p=2$NWppbWpCYmF3U0dH$PeKcbzkX6/fy6G7RBVNWag','2016-12-16 12:42:11.173697-06',FALSE,'Bora','''','{"gen":2, "min":18, "max":74}','user62@ikoncompany.com',FALSE,TRUE,'2016-12-16 12:42:11.06563-06');
INSERT INTO public.auth_user(id,password,last_login,is_superuser,username,first_name,last_name,email,is_staff,is_active,date_joined) VALUES(63,'argon2$argon2i$v=19$m=512,t=2,p=2$NkZiTU9lUjNxRmJi$KWlc58cLNbrlqAHz6xoSWw','2016-12-16 12:46:45.158962-06',FALSE,'Hyorin','''','{"gen":2, "min":70, "max":72}','user63@ikoncompany.com',FALSE,TRUE,'2016-12-16 12:46:43.185769-06');
INSERT INTO public.auth_user(id,password,last_login,is_superuser,username,first_name,last_name,email,is_staff,is_active,date_joined) VALUES(64,'argon2$argon2i$v=19$m=512,t=2,p=2$QlVVcXE2M01HVTFT$MHSWRzXNH6MREud2/SBW/g','2016-12-16 12:49:18.730106-06',FALSE,'Irene','''','{"gen":2, "min":59, "max":76}','user64@ikoncompany.com',FALSE,TRUE,'2016-12-16 12:49:15.889667-06');
INSERT INTO public.auth_user(id,password,last_login,is_superuser,username,first_name,last_name,email,is_staff,is_active,date_joined) VALUES(65,'argon2$argon2i$v=19$m=512,t=2,p=2$VVk4TTUxOFF6M2pQ$h1dPNY+UhsyFoeJUYG9bBw','2016-12-16 12:11:11.264887-06',FALSE,'Kira','''','{"gen":2, "min":61, "max":72}','user65@ikoncompany.com',FALSE,TRUE,'2016-12-16 12:22:09.099573-06');
INSERT INTO public.auth_user(id,password,last_login,is_superuser,username,first_name,last_name,email,is_staff,is_active,date_joined) VALUES(66,'argon2$argon2i$v=19$m=512,t=2,p=2$VVk4TTUxOFF6M2pQ$h1dPNY+UhsyFoeJUYG9bBw','2016-12-16 12:11:11.264887-06',FALSE,'Lisa','''','{"gen":2, "min":61, "max":72}','user66@ikoncompany.com',FALSE,TRUE,'2016-12-16 12:22:09.099573-06');
INSERT INTO public.auth_user(id,password,last_login,is_superuser,username,first_name,last_name,email,is_staff,is_active,date_joined) VALUES(67,'argon2$argon2i$v=19$m=512,t=2,p=2$NWppbWpCYmF3U0dH$PeKcbzkX6/fy6G7RBVNWag','2016-12-16 12:42:11.173697-06',FALSE,'Lulu','''','{"gen":2, "min":18, "max":74}','user67@ikoncompany.com',FALSE,TRUE,'2016-12-16 12:42:11.06563-06');
INSERT INTO public.auth_user(id,password,last_login,is_superuser,username,first_name,last_name,email,is_staff,is_active,date_joined) VALUES(68,'argon2$argon2i$v=19$m=512,t=2,p=2$NkZiTU9lUjNxRmJi$KWlc58cLNbrlqAHz6xoSWw','2016-12-16 12:46:45.158962-06',FALSE,'Samantha','''','{"gen":2, "min":70, "max":72}','user68@ikoncompany.com',FALSE,TRUE,'2016-12-16 12:46:43.185769-06');
INSERT INTO public.auth_user(id,password,last_login,is_superuser,username,first_name,last_name,email,is_staff,is_active,date_joined) VALUES(69,'argon2$argon2i$v=19$m=512,t=2,p=2$QlVVcXE2M01HVTFT$MHSWRzXNH6MREud2/SBW/g','2016-12-16 12:49:18.730106-06',FALSE,'Taeyeon','''','{"gen":2, "min":59, "max":76}','user69@ikoncompany.com',FALSE,TRUE,'2016-12-16 12:49:15.889667-06');
INSERT INTO public.auth_user(id,password,last_login,is_superuser,username,first_name,last_name,email,is_staff,is_active,date_joined) VALUES(70,'argon2$argon2i$v=19$m=512,t=2,p=2$VVk4TTUxOFF6M2pQ$h1dPNY+UhsyFoeJUYG9bBw','2016-12-16 12:22:11.264887-06',FALSE,'Sugar','''','{"gen":2, "min":61, "max":72}','user70@ikoncompany.com',FALSE,TRUE,'2016-12-16 12:22:09.099573-06');
INSERT INTO public.auth_user(id,password,last_login,is_superuser,username,first_name,last_name,email,is_staff,is_active,date_joined) VALUES(71,'argon2$argon2i$v=19$m=512,t=2,p=2$NWppbWpCYmF3U0dH$PeKcbzkX6/fy6G7RBVNWag','2016-12-16 12:42:11.173697-06',FALSE,'Emma','''','{"gen":2, "min":18, "max":74}','user71@ikoncompany.com',FALSE,TRUE,'2016-12-16 12:42:11.06563-06');
INSERT INTO public.auth_user(id,password,last_login,is_superuser,username,first_name,last_name,email,is_staff,is_active,date_joined) VALUES(72,'argon2$argon2i$v=19$m=512,t=2,p=2$NkZiTU9lUjNxRmJi$KWlc58cLNbrlqAHz6xoSWw','2016-12-16 12:46:45.158962-06',FALSE,'Zaira','''','{"gen":2, "min":70, "max":72}','user72@ikoncompany.com',FALSE,TRUE,'2016-12-16 12:46:43.185769-06');
INSERT INTO public.auth_user(id,password,last_login,is_superuser,username,first_name,last_name,email,is_staff,is_active,date_joined) VALUES(73,'argon2$argon2i$v=19$m=512,t=2,p=2$QlVVcXE2M01HVTFT$MHSWRzXNH6MREud2/SBW/g','2016-12-16 12:49:18.730106-06',FALSE,'Avril','''','{"gen":2, "min":59, "max":76}','user73@ikoncompany.com',FALSE,TRUE,'2016-12-16 12:49:15.889667-06');
INSERT INTO public.auth_user(id,password,last_login,is_superuser,username,first_name,last_name,email,is_staff,is_active,date_joined) VALUES(74,'argon2$argon2i$v=19$m=512,t=2,p=2$VVk4TTUxOFF6M2pQ$h1dPNY+UhsyFoeJUYG9bBw','2016-12-16 12:22:11.264887-06',FALSE,'Marce','''','{"gen":2, "min":61, "max":72}','user74@ikoncompany.com',FALSE,TRUE,'2016-12-16 12:22:09.099573-06');
INSERT INTO public.auth_user(id,password,last_login,is_superuser,username,first_name,last_name,email,is_staff,is_active,date_joined) VALUES(75,'argon2$argon2i$v=19$m=512,t=2,p=2$NWppbWpCYmF3U0dH$PeKcbzkX6/fy6G7RBVNWag','2016-12-16 12:42:11.173697-06',FALSE,'Ara','''','{"gen":2, "min":18, "max":74}','user75@ikoncompany.com',FALSE,TRUE,'2016-12-16 12:42:22.06563-06');
INSERT INTO public.auth_user(id,password,last_login,is_superuser,username,first_name,last_name,email,is_staff,is_active,date_joined) VALUES(76,'argon2$argon2i$v=19$m=512,t=2,p=2$NkZiTU9lUjNxRmJi$KWlc58cLNbrlqAHz6xoSWw','2016-12-16 12:46:45.158962-06',FALSE,'Juuly','''','{"gen":2, "min":70, "max":72}','user76@ikoncompany.com',FALSE,TRUE,'2016-12-16 12:46:43.185769-06');
INSERT INTO public.auth_user(id,password,last_login,is_superuser,username,first_name,last_name,email,is_staff,is_active,date_joined) VALUES(77,'argon2$argon2i$v=19$m=512,t=2,p=2$QlVVcXE2M01HVTFT$MHSWRzXNH6MREud2/SBW/g','2016-12-16 12:49:18.730106-06',FALSE,'Brenda','''','{"gen":2, "min":59, "max":76}','user77@ikoncompany.com',FALSE,TRUE,'2016-12-16 12:49:15.889667-06');

--TYPECLIENT
INSERT INTO public.typeclient(tclcode, tcldescription,tclactive) VALUES (1, 'SUPERUSER',true);
INSERT INTO public.typeclient(tclcode, tcldescription,tclactive) VALUES (2, 'SUPERVISOR',true);
INSERT INTO public.typeclient(tclcode, tcldescription,tclactive) VALUES (3, 'MANAGER',true);
INSERT INTO public.typeclient(tclcode, tcldescription,tclactive) VALUES (4, 'CLIENTS',true);
INSERT INTO public.typeclient(tclcode, tcldescription,tclactive) VALUES (5, 'GIRLS',true);
INSERT INTO public.typeclient(tclcode, tcldescription,tclactive) VALUES (6, 'FRANQUICIA',true);

--FRANQUICIA
INSERT INTO public.franchise(fracode, fradescription,fraactive) VALUES (1, 'COLOMBIA 1',true);

--CLIENT
INSERT INTO public.client(clicode,cliusername,cliname,clibirthdate,clidatesubscription,cliemail,clipassword,cliactive,citcode,cliuser_id,gencode,heicode,weicode,tclcode,fracode,lancodefirst,cliverified) VALUES(1,'admin','Administrator','1981-10-17','1983-10-17 10:52:26.100103-05','admin@ikoncompany.com','argon2$argon2i$v=19$m=512,t=2,p=2$N1JvaVMxUmFuVWFD$HMOBkM/dPKvMmv6Gu4a1aw',false,1,1,1,56,34,1,NULL,1,true);
INSERT INTO public.client(clicode,cliusername,cliname,clibirthdate,clidatesubscription,cliemail,clipassword,cliactive,citcode,cliuser_id,gencode,heicode,weicode,tclcode,fracode,lancodefirst,cliverified) VALUES(2,'any','Anastacia','1992-10-17','1986-10-17 11:45:27.416864-05','user1@ikoncompany.com','argon2$argon2i$v=19$m=512,t=2,p=2$WmQwNm9GZ2dtb3VI$IaN+r0XXjPJlH+WilmG4Vw',true,2,2,2,39,34,5,1,1,true);
INSERT INTO public.client(clicode,cliusername,cliname,clibirthdate,clidatesubscription,cliemail,clipassword,cliactive,citcode,cliuser_id,gencode,heicode,weicode,tclcode,fracode,lancodefirst,cliverified) VALUES(3,'katlyn','Kate','1989-10-17','1989-10-17 12:17:34-05','user2@ikoncompany.com','argon2$argon2i$v=19$m=512,t=2,p=2$STJkbDhHTm1uMGR2$ELgmRINvsHIVI1EN0675pw',true,3,3,2,39,34,5,1,1,true);
INSERT INTO public.client(clicode,cliusername,cliname,clibirthdate,clidatesubscription,cliemail,clipassword,cliactive,citcode,cliuser_id,gencode,heicode,weicode,tclcode,fracode,lancodefirst,cliverified) VALUES(4,'alys','Alexa','1982-10-17','1990-10-17 12:18:59-05','user3@ikoncompany.com','argon2$argon2i$v=19$m=512,t=2,p=2$SEVIVTg3elR5aDRr$SJiiD5imMzdZ0xiKYHdAwg',true,4,4,2,39,34,5,1,1,true);
INSERT INTO public.client(clicode,cliusername,cliname,clibirthdate,clidatesubscription,cliemail,clipassword,cliactive,citcode,cliuser_id,gencode,heicode,weicode,tclcode,fracode,lancodefirst,cliverified) VALUES(5,'poppins','Mary','1992-10-17','1991-10-17 12:22:14-05','user4@ikoncompany.com','argon2$argon2i$v=19$m=512,t=2,p=2$Z1lhcG5SdGJHeU92$uBlqkZS4o/qGtq7MDMHVCQ',true,5,5,2,39,34,5,1,1,true);
INSERT INTO public.client(clicode,cliusername,cliname,clibirthdate,clidatesubscription,cliemail,clipassword,cliactive,citcode,cliuser_id,gencode,heicode,weicode,tclcode,fracode,lancodefirst,cliverified) VALUES(6,'caro','Carolina','1988-10-17','1992-10-17 12:22:14-05','user5@ikoncompany.com','argon2$argon2i$v=19$m=512,t=2,p=2$Z1lhcG5SdGJHeU92$uBlqkZS4o/qGtq7MDMHVCQ',true,5,6,2,39,34,5,1,1,true);
INSERT INTO public.client(clicode,cliusername,cliname,clibirthdate,clidatesubscription,cliemail,clipassword,cliactive,citcode,cliuser_id,gencode,heicode,weicode,tclcode,fracode,lancodefirst,cliverified) VALUES(7,'juliz','July','2016-10-17 12:46:47-05','1993-10-17 12:46:47-05','user6@ikoncompany.com','argon2$argon2i$v=19$m=512,t=2,p=2$bXpUVDFESmRtTm40$wnW2RpfYL3hA76m2+mUB9Q',true,6,7,2,39,34,5,1,1,true);
INSERT INTO public.client(clicode,cliusername,cliname,clibirthdate,clidatesubscription,cliemail,clipassword,cliactive,citcode,cliuser_id,gencode,heicode,weicode,tclcode,fracode,lancodefirst,cliverified) VALUES(8,'kikiz','Kiki','1992-10-17','1994-10-19 12:58:43-05','user7@ikoncompany.com','argon2$argon2i$v=19$m=512,t=2,p=2$eU9wRWx6UXJHZnRB$vUomIj4QYoX6MC+3SzGUmg',true,7,8,2,39,34,5,1,1,true);
INSERT INTO public.client(clicode,cliusername,cliname,clibirthdate,clidatesubscription,cliemail,clipassword,cliactive,citcode,cliuser_id,gencode,heicode,weicode,tclcode,fracode,lancodefirst,cliverified) VALUES(9,'tina','Florentina','1960-10-19','1995-10-19 13:34:44-05','user8@ikoncompany.com','argon2$argon2i$v=19$m=512,t=2,p=2$ZHR6WTRlVlBBbWpr$IECFkqwaHrYjU+S3TbhldA',true,8,9,2,39,34,5,1,1,true);
INSERT INTO public.client(clicode,cliusername,cliname,clibirthdate,clidatesubscription,cliemail,clipassword,cliactive,citcode,cliuser_id,gencode,heicode,weicode,tclcode,fracode,lancodefirst,cliverified) VALUES(10,'cory','Coral','1959-10-17','1996-10-19 13:43:07-05','user9@ikoncompany.com','argon2$argon2i$v=19$m=512,t=2,p=2$SkNQR1lMMHRqeGV6$/kP5JKIMrwQuyV8Vyxob7g',true,2,10,2,39,34,5,1,1,true);
INSERT INTO public.client(clicode,cliusername,cliname,clibirthdate,clidatesubscription,cliemail,clipassword,cliactive,citcode,cliuser_id,gencode,heicode,weicode,tclcode,fracode,lancodefirst,cliverified) VALUES(11,'ratona','Mimi','1982-10-17','1991-10-20 12:20:42-05','user10@ikoncompany.com','argon2$argon2i$v=19$m=512,t=2,p=2$cUJnVXBBUEFsSkZX$r8M1yVtwbHVD7uAFTnkjPw',true,1,11,2,39,34,5,1,1,true);
INSERT INTO public.client(clicode,cliusername,cliname,clibirthdate,clidatesubscription,cliemail,clipassword,cliactive,citcode,cliuser_id,gencode,heicode,weicode,tclcode,fracode,lancodefirst,cliverified) VALUES(12,'pepito','Pepe','1979-10-19','1986-10-17 11:45:27.416864-05','user11@ikoncompany.com','argon2$argon2i$v=19$m=512,t=2,p=2$WmQwNm9GZ2dtb3VI$IaN+r0XXjPJlH+WilmG4Vw',true,2,12,1,39,34,4,NULL,1,false);
INSERT INTO public.client(clicode,cliusername,cliname,clibirthdate,clidatesubscription,cliemail,clipassword,cliactive,citcode,cliuser_id,gencode,heicode,weicode,tclcode,fracode,lancodefirst,cliverified) VALUES(13,'elgrande','Oscar','1970-10-19','1989-10-17 12:17:34-05','user12@ikoncompany.com','argon2$argon2i$v=19$m=512,t=2,p=2$STJkbDhHTm1uMGR2$ELgmRINvsHIVI1EN0675pw',true,3,13,1,39,34,4,NULL,1,false);
INSERT INTO public.client(clicode,cliusername,cliname,clibirthdate,clidatesubscription,cliemail,clipassword,cliactive,citcode,cliuser_id,gencode,heicode,weicode,tclcode,fracode,lancodefirst,cliverified) VALUES(14,'alanys','Alan','1983-10-20','1990-10-17 12:18:59-05','user13@ikoncompany.com','argon2$argon2i$v=19$m=512,t=2,p=2$SEVIVTg3elR5aDRr$SJiiD5imMzdZ0xiKYHdAwg',true,4,14,1,39,34,4,NULL,1,false);
INSERT INTO public.client(clicode,cliusername,cliname,clibirthdate,clidatesubscription,cliemail,clipassword,cliactive,citcode,cliuser_id,gencode,heicode,weicode,tclcode,fracode,lancodefirst,cliverified) VALUES(15,'uepa','Fernando','1962-10-17','1991-10-17 12:22:14-05','user14@ikoncompany.com','argon2$argon2i$v=19$m=512,t=2,p=2$Z1lhcG5SdGJHeU92$uBlqkZS4o/qGtq7MDMHVCQ',true,5,15,1,39,34,4,NULL,1,false);
INSERT INTO public.client(clicode,cliusername,cliname,clibirthdate,clidatesubscription,cliemail,clipassword,cliactive,citcode,cliuser_id,gencode,heicode,weicode,tclcode,fracode,lancodefirst,cliverified) VALUES(16,'tom','Tony','1985-10-19','1992-10-17 12:22:14-05','user15@ikoncompany.com','argon2$argon2i$v=19$m=512,t=2,p=2$Z1lhcG5SdGJHeU92$uBlqkZS4o/qGtq7MDMHVCQ',true,5,16,1,39,34,4,NULL,1,false);
INSERT INTO public.client(clicode,cliusername,cliname,clibirthdate,clidatesubscription,cliemail,clipassword,cliactive,citcode,cliuser_id,gencode,heicode,weicode,tclcode,fracode,lancodefirst,cliverified) VALUES(17,'audaz007','Marco','1988-10-19','1993-10-17 12:46:47-05','user16@ikoncompany.com','argon2$argon2i$v=19$m=512,t=2,p=2$bXpUVDFESmRtTm40$wnW2RpfYL3hA76m2+mUB9Q',true,6,17,1,39,34,4,NULL,1,false);
INSERT INTO public.client(clicode,cliusername,cliname,clibirthdate,clidatesubscription,cliemail,clipassword,cliactive,citcode,cliuser_id,gencode,heicode,weicode,tclcode,fracode,lancodefirst,cliverified) VALUES(18,'negrin','Edgar','1960-10-19','1994-10-19 12:58:43-05','user17@ikoncompany.com','argon2$argon2i$v=19$m=512,t=2,p=2$eU9wRWx6UXJHZnRB$vUomIj4QYoX6MC+3SzGUmg',true,7,18,1,39,34,4,NULL,1,false);
INSERT INTO public.client(clicode,cliusername,cliname,clibirthdate,clidatesubscription,cliemail,clipassword,cliactive,citcode,cliuser_id,gencode,heicode,weicode,tclcode,fracode,lancodefirst,cliverified) VALUES(19,'ernis','Ernesto','1950-10-19','1995-10-19 13:34:44-05','user18@ikoncompany.com','argon2$argon2i$v=19$m=512,t=2,p=2$ZHR6WTRlVlBBbWpr$IECFkqwaHrYjU+S3TbhldA',true,8,19,1,39,34,4,NULL,1,false);
INSERT INTO public.client(clicode,cliusername,cliname,clibirthdate,clidatesubscription,cliemail,clipassword,cliactive,citcode,cliuser_id,gencode,heicode,weicode,tclcode,fracode,lancodefirst,cliverified) VALUES(20,'luigui','Luis','1954-10-19','1996-10-19 13:43:07-05','user19@ikoncompany.com','argon2$argon2i$v=19$m=512,t=2,p=2$SkNQR1lMMHRqeGV6$/kP5JKIMrwQuyV8Vyxob7g',true,2,20,1,39,34,4,NULL,1,false);
INSERT INTO public.client(clicode,cliusername,cliname,clibirthdate,clidatesubscription,cliemail,clipassword,cliactive,citcode,cliuser_id,gencode,heicode,weicode,tclcode,fracode,lancodefirst,cliverified) VALUES(21,'mike','Miguel','1956-10-20','1991-10-20 12:20:42-05','user20@ikoncompany.com','argon2$argon2i$v=19$m=512,t=2,p=2$cUJnVXBBUEFsSkZX$r8M1yVtwbHVD7uAFTnkjPw',true,1,21,1,39,34,4,NULL,1,false);
INSERT INTO public.client(clicode,cliusername,cliname,clibirthdate,clidatesubscription,cliemail,clipassword,cliactive,citcode,cliuser_id,gencode,heicode,weicode,tclcode,fracode,lancodefirst,cliverified) VALUES(22,'mari','Maritza','1990-10-20','1991-10-20 12:20:42-05','maritza@ikoncompany.com','argon2$argon2i$v=19$m=512,t=2,p=2$cUJnVXBBUEFsSkZX$r8M1yVtwbHVD7uAFTnkjPw',true,1,22,2,39,34,6,1,1,true);
INSERT INTO public.client(clicode,cliusername,cliname,clibirthdate,clidatesubscription,cliemail,clipassword,cliactive,citcode,cliuser_id,gencode,heicode,weicode,tclcode,fracode,lancodefirst,cliverified) VALUES(23,'manager1','Manager 1','1984-10-20','1991-10-20 12:20:42-05','manager1@ikoncompany.com','argon2$argon2i$v=19$m=512,t=2,p=2$cUJnVXBBUEFsSkZX$r8M1yVtwbHVD7uAFTnkjPw',true,1,23,2,39,34,3,NULL,1,true);
INSERT INTO public.client(clicode,cliusername,cliname,clibirthdate,clidatesubscription,cliemail,clipassword,cliactive,citcode,cliuser_id,gencode,heicode,weicode,tclcode,fracode,lancodefirst,cliverified) VALUES(24,'manager2','Manager 2','1985-10-20','1991-10-20 12:20:42-05','manager2@ikoncompany.com','argon2$argon2i$v=19$m=512,t=2,p=2$cUJnVXBBUEFsSkZX$r8M1yVtwbHVD7uAFTnkjPw',true,1,24,2,39,34,3,NULL,1,true);
INSERT INTO public.client(clicode,cliusername,cliname,clibirthdate,clidatesubscription,cliemail,clipassword,cliactive,citcode,cliuser_id,gencode,heicode,weicode,tclcode,fracode,lancodefirst,cliverified) VALUES(25,'hei','Heidy','1987-10-17','1983-10-17 10:52:26.100103-05','user24@ikoncompany.com','argon2$argon2i$v=19$m=512,t=2,p=2$N1JvaVMxUmFuVWFD$HMOBkM/dPKvMmv6Gu4a1aw',true,1,25,2,56,34,5,1,1,true);
INSERT INTO public.client(clicode,cliusername,cliname,clibirthdate,clidatesubscription,cliemail,clipassword,cliactive,citcode,cliuser_id,gencode,heicode,weicode,tclcode,fracode,lancodefirst,cliverified) VALUES(26,'gata','Yoli','1992-10-17','1986-10-17 11:45:27.416864-05','user25@ikoncompany.com','argon2$argon2i$v=19$m=512,t=2,p=2$WmQwNm9GZ2dtb3VI$IaN+r0XXjPJlH+WilmG4Vw',true,2,26,2,39,34,5,1,1,true);
INSERT INTO public.client(clicode,cliusername,cliname,clibirthdate,clidatesubscription,cliemail,clipassword,cliactive,citcode,cliuser_id,gencode,heicode,weicode,tclcode,fracode,lancodefirst,cliverified) VALUES(27,'nale','Nalexi','1992-10-17','1986-10-17 11:45:27.416864-05','user26@ikoncompany.com','argon2$argon2i$v=19$m=512,t=2,p=2$WmQwNm9GZ2dtb3VI$IaN+r0XXjPJlH+WilmG4Vw',true,2,27,2,39,34,5,1,1,true);
INSERT INTO public.client(clicode,cliusername,cliname,clibirthdate,clidatesubscription,cliemail,clipassword,cliactive,citcode,cliuser_id,gencode,heicode,weicode,tclcode,fracode,lancodefirst,cliverified) VALUES(28,'puppins','Andrea','1989-10-17','1989-10-17 12:17:34-05','user27@ikoncompany.com','argon2$argon2i$v=19$m=512,t=2,p=2$STJkbDhHTm1uMGR2$ELgmRINvsHIVI1EN0675pw',true,3,28,2,39,34,5,1,1,true);
INSERT INTO public.client(clicode,cliusername,cliname,clibirthdate,clidatesubscription,cliemail,clipassword,cliactive,citcode,cliuser_id,gencode,heicode,weicode,tclcode,fracode,lancodefirst,cliverified) VALUES(29,'juliet','Julieta','1982-10-17','1990-10-17 12:18:59-05','user28@ikoncompany.com','argon2$argon2i$v=19$m=512,t=2,p=2$SEVIVTg3elR5aDRr$SJiiD5imMzdZ0xiKYHdAwg',true,4,29,2,39,34,5,1,1,true);
INSERT INTO public.client(clicode,cliusername,cliname,clibirthdate,clidatesubscription,cliemail,clipassword,cliactive,citcode,cliuser_id,gencode,heicode,weicode,tclcode,fracode,lancodefirst,cliverified) VALUES(30,'zori','Zorielys','1992-10-17','1991-10-17 12:22:14-05','user29@ikoncompany.com','argon2$argon2i$v=19$m=512,t=2,p=2$Z1lhcG5SdGJHeU92$uBlqkZS4o/qGtq7MDMHVCQ',true,5,30,2,39,34,5,1,1,true);
INSERT INTO public.client(clicode,cliusername,cliname,clibirthdate,clidatesubscription,cliemail,clipassword,cliactive,citcode,cliuser_id,gencode,heicode,weicode,tclcode,fracode,lancodefirst,cliverified) VALUES(31,'jonj','Yaneth','1988-10-17','1992-10-17 12:22:14-05','user30@ikoncompany.com','argon2$argon2i$v=19$m=512,t=2,p=2$Z1lhcG5SdGJHeU92$uBlqkZS4o/qGtq7MDMHVCQ',true,5,31,2,39,34,5,1,1,true);
INSERT INTO public.client(clicode,cliusername,cliname,clibirthdate,clidatesubscription,cliemail,clipassword,cliactive,citcode,cliuser_id,gencode,heicode,weicode,tclcode,fracode,lancodefirst,cliverified) VALUES(32,'munda','Chilindrina','1970-10-17 12:46:47-05','1993-10-17 12:46:47-05','user31@ikoncompany.com','argon2$argon2i$v=19$m=512,t=2,p=2$bXpUVDFESmRtTm40$wnW2RpfYL3hA76m2+mUB9Q',true,6,32,2,39,34,5,1,1,true);
INSERT INTO public.client(clicode,cliusername,cliname,clibirthdate,clidatesubscription,cliemail,clipassword,cliactive,citcode,cliuser_id,gencode,heicode,weicode,tclcode,fracode,lancodefirst,cliverified) VALUES(33,'coraly','Coraly','1999-10-17','1994-10-19 12:58:43-05','user32@ikoncompany.com','argon2$argon2i$v=19$m=512,t=2,p=2$eU9wRWx6UXJHZnRB$vUomIj4QYoX6MC+3SzGUmg',true,7,33,2,39,34,5,1,1,true);
INSERT INTO public.client(clicode,cliusername,cliname,clibirthdate,clidatesubscription,cliemail,clipassword,cliactive,citcode,cliuser_id,gencode,heicode,weicode,tclcode,fracode,lancodefirst,cliverified) VALUES(34,'rali22','Rafaela','1988-10-19','1995-10-19 13:34:44-05','user33@ikoncompany.com','argon2$argon2i$v=19$m=512,t=2,p=2$ZHR6WTRlVlBBbWpr$IECFkqwaHrYjU+S3TbhldA',true,8,34,2,39,34,5,1,1,true);
INSERT INTO public.client(clicode,cliusername,cliname,clibirthdate,clidatesubscription,cliemail,clipassword,cliactive,citcode,cliuser_id,gencode,heicode,weicode,tclcode,fracode,lancodefirst,cliverified) VALUES(35,'pepe12','Pedro','1959-10-17','1998-10-19 13:43:07-05','user34@ikoncompany.com','argon2$argon2i$v=19$m=512,t=2,p=2$SkNQR1lMMHRqeGV6$/kP5JKIMrwQuyV8Vyxob7g',true,2,35,1,39,34,4,NULL,1,false);
INSERT INTO public.client(clicode,cliusername,cliname,clibirthdate,clidatesubscription,cliemail,clipassword,cliactive,citcode,cliuser_id,gencode,heicode,weicode,tclcode,fracode,lancodefirst,cliverified) VALUES(36,'roskjl','Jackecooth','1982-10-17','1989-10-20 12:20:42-05','user35@ikoncompany.com','argon2$argon2i$v=19$m=512,t=2,p=2$cUJnVXBBUEFsSkZX$r8M1yVtwbHVD7uAFTnkjPw',true,1,36,1,39,34,4,NULL,1,false);
INSERT INTO public.client(clicode,cliusername,cliname,clibirthdate,clidatesubscription,cliemail,clipassword,cliactive,citcode,cliuser_id,gencode,heicode,weicode,tclcode,fracode,lancodefirst,cliverified) VALUES(37,'jefry','Jefferson','1979-10-19','1978-10-17 11:45:27.416864-05','user36@ikoncompany.com','argon2$argon2i$v=19$m=512,t=2,p=2$WmQwNm9GZ2dtb3VI$IaN+r0XXjPJlH+WilmG4Vw',true,2,37,1,39,34,4,NULL,1,false);
INSERT INTO public.client(clicode,cliusername,cliname,clibirthdate,clidatesubscription,cliemail,clipassword,cliactive,citcode,cliuser_id,gencode,heicode,weicode,tclcode,fracode,lancodefirst,cliverified) VALUES(38,'gordetes','Kevin','1970-10-19','1974-10-17 12:17:34-05','user37@ikoncompany.com','argon2$argon2i$v=19$m=512,t=2,p=2$STJkbDhHTm1uMGR2$ELgmRINvsHIVI1EN0675pw',true,3,38,1,39,34,4,NULL,1,false);
INSERT INTO public.client(clicode,cliusername,cliname,clibirthdate,clidatesubscription,cliemail,clipassword,cliactive,citcode,cliuser_id,gencode,heicode,weicode,tclcode,fracode,lancodefirst,cliverified) VALUES(39,'anthony','Marck','1983-10-20','1992-10-17 12:18:59-05','user38@ikoncompany.com','argon2$argon2i$v=19$m=512,t=2,p=2$SEVIVTg3elR5aDRr$SJiiD5imMzdZ0xiKYHdAwg',true,4,39,1,39,34,4,NULL,1,false);
INSERT INTO public.client(clicode,cliusername,cliname,clibirthdate,clidatesubscription,cliemail,clipassword,cliactive,citcode,cliuser_id,gencode,heicode,weicode,tclcode,fracode,lancodefirst,cliverified) VALUES(40,'romeo','Romeo','1962-10-17','1985-10-17 12:22:14-05','user39@ikoncompany.com','argon2$argon2i$v=19$m=512,t=2,p=2$Z1lhcG5SdGJHeU92$uBlqkZS4o/qGtq7MDMHVCQ',true,5,40,1,39,34,4,NULL,1,false);
INSERT INTO public.client(clicode,cliusername,cliname,clibirthdate,clidatesubscription,cliemail,clipassword,cliactive,citcode,cliuser_id,gencode,heicode,weicode,tclcode,fracode,lancodefirst,cliverified) VALUES(41,'eli','Elias','1985-10-19','1988-10-17 12:22:14-05','user40@ikoncompany.com','argon2$argon2i$v=19$m=512,t=2,p=2$Z1lhcG5SdGJHeU92$uBlqkZS4o/qGtq7MDMHVCQ',true,5,41,1,39,34,4,NULL,1,false);
INSERT INTO public.client(clicode,cliusername,cliname,clibirthdate,clidatesubscription,cliemail,clipassword,cliactive,citcode,cliuser_id,gencode,heicode,weicode,tclcode,fracode,lancodefirst,cliverified) VALUES(42,'erickin','Erick Andres','1997-10-19','1993-10-17 12:46:47-05','user41@ikoncompany.com','argon2$argon2i$v=19$m=512,t=2,p=2$bXpUVDFESmRtTm40$wnW2RpfYL3hA76m2+mUB9Q',true,6,42,1,39,34,4,NULL,1,false);
INSERT INTO public.client(clicode,cliusername,cliname,clibirthdate,clidatesubscription,cliemail,clipassword,cliactive,citcode,cliuser_id,gencode,heicode,weicode,tclcode,fracode,lancodefirst,cliverified) VALUES(43,'alanjo','Alan Jose','1945-10-19','1994-10-19 12:58:43-05','user42@ikoncompany.com','argon2$argon2i$v=19$m=512,t=2,p=2$eU9wRWx6UXJHZnRB$vUomIj4QYoX6MC+3SzGUmg',true,7,43,1,39,34,4,NULL,1,false);
INSERT INTO public.client(clicode,cliusername,cliname,clibirthdate,clidatesubscription,cliemail,clipassword,cliactive,citcode,cliuser_id,gencode,heicode,weicode,tclcode,fracode,lancodefirst,cliverified) VALUES(44,'javi','Javier','1953-10-24','1995-10-19 13:34:44-05','user43@ikoncompany.com','argon2$argon2i$v=19$m=512,t=2,p=2$ZHR6WTRlVlBBbWpr$IECFkqwaHrYjU+S3TbhldA',true,8,44,1,39,34,4,NULL,1,false);
INSERT INTO public.client(clicode,cliusername,cliname,clidescription,clibirthdate,clidatesubscription,cliemail,clipassword,clibalance,cliactive,clireplychannel,citcode,cliuser_id,educode,ethcode,feecode,fracode,gencode,heicode,inccode,lancodefirst,lancodesecond,marcode,ocucode,tclcode,weicode,cliverified) VALUES (45,'reyes','Reyes',NULL,'1953-10-24','1995-10-19 12:34:44-06','user44@ikoncompany.com','argon2$argon2i$v=19$m=512,t=2,p=2$ZHR6WTRlVlBBbWpr$IECFkqwaHrYjU+S3TbhldA',NULL,True,'websocket.send!EPaVkwqgFNYb',8,45,NULL,NULL,NULL,NULL,1,39,NULL,1,NULL,NULL,NULL,4,34,false);
INSERT INTO public.client(clicode,cliusername,cliname,clidescription,clibirthdate,clidatesubscription,cliemail,clipassword,clibalance,cliactive,clireplychannel,citcode,cliuser_id,educode,ethcode,feecode,fracode,gencode,heicode,inccode,lancodefirst,lancodesecond,marcode,ocucode,tclcode,weicode,cliverified) VALUES (46,'juanes','Juanes',NULL,'1953-10-24','1995-10-19 12:34:44-06','user45@ikoncompany.com','argon2$argon2i$v=19$m=512,t=2,p=2$ZHR6WTRlVlBBbWpr$IECFkqwaHrYjU+S3TbhldA',NULL,True,'websocket.send!EPaVkwqgFNYb',8,46,NULL,NULL,NULL,NULL,1,39,NULL,1,NULL,NULL,NULL,4,34,false);
INSERT INTO public.client(clicode,cliusername,cliname,clidescription,clibirthdate,clidatesubscription,cliemail,clipassword,clibalance,cliactive,clireplychannel,citcode,cliuser_id,educode,ethcode,feecode,fracode,gencode,heicode,inccode,lancodefirst,lancodesecond,marcode,ocucode,tclcode,weicode,cliverified) VALUES (47,'mariainea','Ines',NULL,'1953-10-24','1995-10-19 12:34:44-06','user46@ikoncompany.com','argon2$argon2i$v=19$m=512,t=2,p=2$ZHR6WTRlVlBBbWpr$IECFkqwaHrYjU+S3TbhldA',NULL,True,'websocket.send!EPaVkwqgFNYb',8,47,NULL,NULL,NULL,1,2,39,NULL,1,NULL,NULL,NULL,5,34,true);
INSERT INTO public.client(clicode,cliusername,cliname,clidescription,clibirthdate,clidatesubscription,cliemail,clipassword,clibalance,cliactive,clireplychannel,citcode,cliuser_id,educode,ethcode,feecode,fracode,gencode,heicode,inccode,lancodefirst,lancodesecond,marcode,ocucode,tclcode,weicode,cliverified) VALUES (48,'marianela','Marianela',NULL,'1953-10-24','1995-10-19 12:34:44-06','user47@ikoncompany.com','argon2$argon2i$v=19$m=512,t=2,p=2$ZHR6WTRlVlBBbWpr$IECFkqwaHrYjU+S3TbhldA',NULL,True,'websocket.send!EPaVkwqgFNYb',8,48,NULL,NULL,NULL,1,2,39,NULL,1,NULL,NULL,NULL,5,34,true);
INSERT INTO public.client(clicode,cliusername,cliname,clidescription,clibirthdate,clidatesubscription,cliemail,clipassword,clibalance,cliactive,clireplychannel,citcode,cliuser_id,educode,ethcode,feecode,fracode,gencode,heicode,inccode,lancodefirst,lancodesecond,marcode,ocucode,tclcode,weicode,cliverified) VALUES (49,'baron','Baron',NULL,'1953-10-24','1995-10-19 12:34:44-06','user48@ikoncompany.com','argon2$argon2i$v=19$m=512,t=2,p=2$ZHR6WTRlVlBBbWpr$IECFkqwaHrYjU+S3TbhldA',NULL,True,'websocket.send!EPaVkwqgFNYb',8,49,NULL,NULL,NULL,NULL,1,39,NULL,1,NULL,NULL,NULL,4,34,true);
INSERT INTO public.client(clicode,cliusername,cliname,clidescription,clibirthdate,clidatesubscription,cliemail,clipassword,clibalance,cliactive,clireplychannel,citcode,cliuser_id,educode,ethcode,feecode,fracode,gencode,heicode,inccode,lancodefirst,lancodesecond,marcode,ocucode,tclcode,weicode,cliverified) VALUES (50,'ramon','Ramon',NULL,'1953-10-24','1995-10-19 12:34:44-06','user49@ikoncompany.com','argon2$argon2i$v=19$m=512,t=2,p=2$ZHR6WTRlVlBBbWpr$IECFkqwaHrYjU+S3TbhldA',NULL,True,'websocket.send!EPaVkwqgFNYb',8,50,NULL,NULL,NULL,NULL,1,39,NULL,1,NULL,NULL,NULL,4,34,true);
INSERT INTO public.client(clicode,cliusername,cliname,clidescription,clibirthdate,clidatesubscription,cliemail,clipassword,clibalance,cliactive,clireplychannel,citcode,cliuser_id,educode,ethcode,feecode,fracode,gencode,heicode,inccode,lancodefirst,lancodesecond,marcode,ocucode,tclcode,weicode,cliverified) VALUES (51,'yonkeiver','Yonkeiver',NULL,'1953-10-24','1995-10-19 12:34:44-06','user50@ikoncompany.com','argon2$argon2i$v=19$m=512,t=2,p=2$ZHR6WTRlVlBBbWpr$IECFkqwaHrYjU+S3TbhldA',NULL,True,'websocket.send!EPaVkwqgFNYb',8,51,NULL,NULL,NULL,NULL,1,39,NULL,1,NULL,NULL,NULL,4,34,true);
INSERT INTO public.client(clicode,cliusername,cliname,clidescription,clibirthdate,clidatesubscription,cliemail,clipassword,clibalance,cliactive,clireplychannel,citcode,cliuser_id,educode,ethcode,feecode,fracode,gencode,heicode,inccode,lancodefirst,lancodesecond,marcode,ocucode,tclcode,weicode,cliverified) VALUES (52,'ariel','Anriel',NULL,'1953-10-24','1995-10-19 12:34:44-06','user51@ikoncompany.com','argon2$argon2i$v=19$m=512,t=2,p=2$ZHR6WTRlVlBBbWpr$IECFkqwaHrYjU+S3TbhldA',NULL,True,'websocket.send!EPaVkwqgFNYb',8,52,NULL,NULL,NULL,NULL,1,39,NULL,1,NULL,NULL,NULL,4,34,true);
INSERT INTO public.client(clicode,cliusername,cliname,clidescription,clibirthdate,clidatesubscription,cliemail,clipassword,clibalance,cliactive,clireplychannel,citcode,cliuser_id,educode,ethcode,feecode,fracode,gencode,heicode,inccode,lancodefirst,lancodesecond,marcode,ocucode,tclcode,weicode,cliverified) VALUES (53,'leoleo','Leonardo',NULL,'1953-10-24','1995-10-19 12:34:44-06','user52@ikoncompany.com','argon2$argon2i$v=19$m=512,t=2,p=2$ZHR6WTRlVlBBbWpr$IECFkqwaHrYjU+S3TbhldA',NULL,True,'websocket.send!EPaVkwqgFNYb',8,53,NULL,NULL,NULL,NULL,1,39,NULL,1,NULL,NULL,NULL,4,34,true);
INSERT INTO public.client(clicode,cliusername,cliname,clidescription,clibirthdate,clidatesubscription,cliemail,clipassword,clibalance,cliactive,clireplychannel,citcode,cliuser_id,educode,ethcode,feecode,fracode,gencode,heicode,inccode,lancodefirst,lancodesecond,marcode,ocucode,tclcode,weicode,cliverified) VALUES (54,'ramse','Ramse',NULL,'1953-10-24','1995-10-19 12:34:44-06','user53@ikoncompany.com','argon2$argon2i$v=19$m=512,t=2,p=2$ZHR6WTRlVlBBbWpr$IECFkqwaHrYjU+S3TbhldA',NULL,True,'websocket.send!EPaVkwqgFNYb',8,54,NULL,NULL,NULL,NULL,1,39,NULL,1,NULL,NULL,NULL,4,34,true);
INSERT INTO public.client(clicode,cliusername,cliname,clidescription,clibirthdate,clidatesubscription,cliemail,clipassword,clibalance,cliactive,clireplychannel,citcode,cliuser_id,educode,ethcode,feecode,fracode,gencode,heicode,inccode,lancodefirst,lancodesecond,marcode,ocucode,tclcode,weicode,cliverified) VALUES (55,'david','David',NULL,'1953-10-24','1995-10-19 12:34:44-06','user54@ikoncompany.com','argon2$argon2i$v=19$m=512,t=2,p=2$ZHR6WTRlVlBBbWpr$IECFkqwaHrYjU+S3TbhldA',NULL,True,'websocket.send!EPaVkwqgFNYb',8,55,NULL,NULL,NULL,NULL,1,39,NULL,1,NULL,NULL,NULL,4,34,true);
INSERT INTO public.client(clicode,cliusername,cliname,clidescription,clibirthdate,clidatesubscription,cliemail,clipassword,clibalance,cliactive,clireplychannel,citcode,cliuser_id,educode,ethcode,feecode,fracode,gencode,heicode,inccode,lancodefirst,lancodesecond,marcode,ocucode,tclcode,weicode,cliverified) VALUES (56,'freddy','Freddy',NULL,'1953-10-24','1995-10-19 12:34:44-06','user55@ikoncompany.com','argon2$argon2i$v=19$m=512,t=2,p=2$ZHR6WTRlVlBBbWpr$IECFkqwaHrYjU+S3TbhldA',NULL,True,'websocket.send!EPaVkwqgFNYb',8,56,NULL,NULL,NULL,NULL,1,39,NULL,1,NULL,NULL,NULL,4,34,true);
INSERT INTO public.client(clicode,cliusername,cliname,clidescription,clibirthdate,clidatesubscription,cliemail,clipassword,clibalance,cliactive,clireplychannel,citcode,cliuser_id,educode,ethcode,feecode,fracode,gencode,heicode,inccode,lancodefirst,lancodesecond,marcode,ocucode,tclcode,weicode,cliverified) VALUES (57,'horus','Horus',NULL,'1953-10-24','1995-10-19 12:34:44-06','user56@ikoncompany.com','argon2$argon2i$v=19$m=512,t=2,p=2$ZHR6WTRlVlBBbWpr$IECFkqwaHrYjU+S3TbhldA',NULL,True,'websocket.send!EPaVkwqgFNYb',8,57,NULL,NULL,NULL,NULL,1,39,NULL,1,NULL,NULL,NULL,4,34,true);
INSERT INTO public.client(clicode,cliusername,cliname,clidescription,clibirthdate,clidatesubscription,cliemail,clipassword,clibalance,cliactive,clireplychannel,citcode,cliuser_id,educode,ethcode,feecode,fracode,gencode,heicode,inccode,lancodefirst,lancodesecond,marcode,ocucode,tclcode,weicode,cliverified) VALUES (58,'leandro','Leandro',NULL,'1953-10-24','1995-10-19 12:34:44-06','user57@ikoncompany.com','argon2$argon2i$v=19$m=512,t=2,p=2$ZHR6WTRlVlBBbWpr$IECFkqwaHrYjU+S3TbhldA',NULL,True,'websocket.send!EPaVkwqgFNYb',8,58,NULL,NULL,NULL,NULL,1,39,NULL,1,NULL,NULL,NULL,4,34,true);
INSERT INTO public.client(clicode,cliusername,cliname,clidescription,clibirthdate,clidatesubscription,cliemail,clipassword,clibalance,cliactive,clireplychannel,citcode,cliuser_id,educode,ethcode,feecode,fracode,gencode,heicode,inccode,lancodefirst,lancodesecond,marcode,ocucode,tclcode,weicode,cliverified) VALUES (59,'mathews','Matias',NULL,'1953-10-24','1995-10-19 12:34:44-06','user58@ikoncompany.com','argon2$argon2i$v=19$m=512,t=2,p=2$ZHR6WTRlVlBBbWpr$IECFkqwaHrYjU+S3TbhldA',NULL,True,'websocket.send!EPaVkwqgFNYb',8,59,NULL,NULL,NULL,NULL,1,39,NULL,1,NULL,NULL,NULL,4,34,true);
INSERT INTO public.client(clicode,cliusername,cliname,clidescription,clibirthdate,clidatesubscription,cliemail,clipassword,clibalance,cliactive,clireplychannel,citcode,cliuser_id,educode,ethcode,feecode,fracode,gencode,heicode,inccode,lancodefirst,lancodesecond,marcode,ocucode,tclcode,weicode,cliverified) VALUES (60,'rumian','Rumian',NULL,'1953-10-24','1995-10-19 12:34:44-06','user59@ikoncompany.com','argon2$argon2i$v=19$m=512,t=2,p=2$ZHR6WTRlVlBBbWpr$IECFkqwaHrYjU+S3TbhldA',NULL,True,'websocket.send!EPaVkwqgFNYb',8,60,NULL,NULL,NULL,NULL,1,39,NULL,1,NULL,NULL,NULL,4,34,true);
INSERT INTO public.client(clicode,cliusername,cliname,clibirthdate,clidatesubscription,cliemail,clipassword,cliactive,citcode,cliuser_id,gencode,heicode,weicode,tclcode,fracode,clireplychannel,lancodefirst,cliverified) VALUES(61,'Nam','','1992-11-17','2016-10-17 12:17:22-05','user61@ikoncompany.com','argon2$argon2i$v=19$m=512,t=2,p=2$STJkbDhHTm1uMGR2$ELgmRINvsHIVI1EN0675pw',true,3,61,1,65,70,5,1,'websocket.send!CnOqvqamyXBc',1,true);
INSERT INTO public.client(clicode,cliusername,cliname,clibirthdate,clidatesubscription,cliemail,clipassword,cliactive,citcode,cliuser_id,gencode,heicode,weicode,tclcode,fracode,clireplychannel,lancodefirst,cliverified) VALUES(62,'Bora','','1994-10-17','1990-10-17 12:18:59-05','user62@ikoncompany.com','argon2$argon2i$v=19$m=512,t=2,p=2$SEVIVTg3elR5aDRr$SJiiD5imMzdZ0xiKYHdAwg',true,4,62,2,55,70,5,1,'websocket.send!tAJejONnKZDz',1,true);
INSERT INTO public.client(clicode,cliusername,cliname,clibirthdate,clidatesubscription,cliemail,clipassword,cliactive,citcode,cliuser_id,gencode,heicode,weicode,tclcode,fracode,clireplychannel,lancodefirst,cliverified) VALUES(63,'Hyorin','','1992-10-17','1991-10-17 12:22:14-05','user63@ikoncompany.com','argon2$argon2i$v=19$m=512,t=2,p=2$Z1lhcG5SdGJHeU92$uBlqkZS4o/qGtq7MDMHVCQ',true,5,63,2,65,70,5,1,'websocket.send!DtyTFMnmXOno',1,true);
INSERT INTO public.client(clicode,cliusername,cliname,clibirthdate,clidatesubscription,cliemail,clipassword,cliactive,citcode,cliuser_id,gencode,heicode,weicode,tclcode,fracode,clireplychannel,lancodefirst,cliverified) VALUES(64,'Irene','','1992-11-17','2016-10-17 12:17:22-05','user64@ikoncompany.com','argon2$argon2i$v=19$m=512,t=2,p=2$STJkbDhHTm1uMGR2$ELgmRINvsHIVI1EN0675pw',true,3,64,2,50,70,5,1,'websocket.send!kMAxHLWXDKIv',1,true);
INSERT INTO public.client(clicode,cliusername,cliname,clibirthdate,clidatesubscription,cliemail,clipassword,cliactive,citcode,cliuser_id,gencode,heicode,weicode,tclcode,fracode,clireplychannel,lancodefirst,cliverified) VALUES(65,'Kira','','1994-10-17','1990-10-17 12:18:59-05','user65@ikoncompany.com','argon2$argon2i$v=19$m=512,t=2,p=2$SEVIVTg3elR5aDRr$SJiiD5imMzdZ0xiKYHdAwg',true,4,65,2,55,70,5,1,'websocket.send!szyOAsnbfJnA',1,true);
INSERT INTO public.client(clicode,cliusername,cliname,clibirthdate,clidatesubscription,cliemail,clipassword,cliactive,citcode,cliuser_id,gencode,heicode,weicode,tclcode,fracode,clireplychannel,lancodefirst,cliverified) VALUES(66,'Lisa','','1992-10-17','1991-10-17 12:22:14-05','user66@ikoncompany.com','argon2$argon2i$v=19$m=512,t=2,p=2$Z1lhcG5SdGJHeU92$uBlqkZS4o/qGtq7MDMHVCQ',true,5,66,2,65,70,5,1,'websocket.send!UfTMPNekpvvT',1,true);
INSERT INTO public.client(clicode,cliusername,cliname,clibirthdate,clidatesubscription,cliemail,clipassword,cliactive,citcode,cliuser_id,gencode,heicode,weicode,tclcode,fracode,clireplychannel,lancodefirst,cliverified) VALUES(67,'Lulu','','1988-10-17','1992-10-17 12:22:14-05','user67@ikoncompany.com','argon2$argon2i$v=19$m=512,t=2,p=2$Z1lhcG5SdGJHeU92$uBlqkZS4o/qGtq7MDMHVCQ',true,5,67,2,65,70,5,1,'websocket.send!smdGhsFNtunv',1,true);
INSERT INTO public.client(clicode,cliusername,cliname,clibirthdate,clidatesubscription,cliemail,clipassword,cliactive,citcode,cliuser_id,gencode,heicode,weicode,tclcode,fracode,clireplychannel,lancodefirst,cliverified) VALUES(68,'Samantha','','1990-10-17 12:46:47-05','1993-10-17 12:46:47-05','user68@ikoncompany.com','argon2$argon2i$v=19$m=512,t=2,p=2$bXpUVDFESmRtTm76$wnW2RpfYL3hA76m2+mUB9Q',true,6,68,2,65,70,5,1,'websocket.send!xvrWDnQShFZX',1,true);
INSERT INTO public.client(clicode,cliusername,cliname,clibirthdate,clidatesubscription,cliemail,clipassword,cliactive,citcode,cliuser_id,gencode,heicode,weicode,tclcode,fracode,clireplychannel,lancodefirst,cliverified) VALUES(69,'Taeyeon','','1990-10-17','1994-10-19 12:58:43-05','user69@ikoncompany.com','argon2$argon2i$v=19$m=512,t=2,p=2$eU9wRWx6UXJHZnRB$vUomIj4QYoX6MC+3SzGUmg',true,7,69,2,65,70,5,1,'websocket.send!GrzRseKyZeQU',1,true);
INSERT INTO public.client(clicode,cliusername,cliname,clibirthdate,clidatesubscription,cliemail,clipassword,cliactive,citcode,cliuser_id,gencode,heicode,weicode,tclcode,fracode,clireplychannel,lancodefirst,cliverified) VALUES(70,'Sugar','','1988-10-19','1995-10-19 13:22:44-05','user70@ikoncompany.com','argon2$argon2i$v=19$m=512,t=2,p=2$ZHR6WTRlVlBBbWpr$IECFkqwaHrYjU+S3TbhldA',true,8,70,2,65,70,5,1,'websocket.send!KHSJqrUIFfyZ',1,true);
INSERT INTO public.client(clicode,cliusername,cliname,clibirthdate,clidatesubscription,cliemail,clipassword,cliactive,citcode,cliuser_id,gencode,heicode,weicode,tclcode,fracode,clireplychannel,lancodefirst,cliverified) VALUES(71,'Emma','','1989-10-17','1998-10-19 13:43:07-05','user71@ikoncompany.com','argon2$argon2i$v=19$m=512,t=2,p=2$SkNQR1lMMHRqeGV6$/kP5JKIMrwQuyV8Vyxob7g',true,2,71,2,65,70,4,NULL,'websocket.send!zyxmyvKAfEgp',1,true);
INSERT INTO public.client(clicode,cliusername,cliname,clibirthdate,clidatesubscription,cliemail,clipassword,cliactive,citcode,cliuser_id,gencode,heicode,weicode,tclcode,fracode,clireplychannel,lancodefirst,cliverified) VALUES(72,'Zaira','','1982-10-17','1989-10-20 12:20:42-05','user72@ikoncompany.com','argon2$argon2i$v=19$m=512,t=2,p=2$cUJnVXBBUEFsSkZX$r8M1yVtwbHVD7uAFTnkjPw',true,1,72,2,65,70,4,NULL,'websocket.send!vdbdCuhhSxIe',1,true);
INSERT INTO public.client(clicode,cliusername,cliname,clibirthdate,clidatesubscription,cliemail,clipassword,cliactive,citcode,cliuser_id,gencode,heicode,weicode,tclcode,fracode,clireplychannel,lancodefirst,cliverified) VALUES(73,'Avril','','1986-10-19','1978-10-17 11:45:22.776864-05','user73@ikoncompany.com','argon2$argon2i$v=19$m=512,t=2,p=2$WmQwNm9GZ2dtb3VI$IaN+r0XXjPJlH+WilmG4Vw',true,2,73,2,62,70,4,NULL,'websocket.send!wjksHPkAfWzG',1,true);
INSERT INTO public.client(clicode,cliusername,cliname,clibirthdate,clidatesubscription,cliemail,clipassword,cliactive,citcode,cliuser_id,gencode,heicode,weicode,tclcode,fracode,clireplychannel,lancodefirst,cliverified) VALUES(74,'Marce','','1980-10-19','1974-10-17 12:17:22-05','user74@ikoncompany.com','argon2$argon2i$v=19$m=512,t=2,p=2$STJkbDhHTm1uMGR2$ELgmRINvsHIVI1EN0675pw',true,3,74,2,55,70,4,NULL,'websocket.send!EATyNXQDaIQK',1,true);
INSERT INTO public.client(clicode,cliusername,cliname,clibirthdate,clidatesubscription,cliemail,clipassword,cliactive,citcode,cliuser_id,gencode,heicode,weicode,tclcode,fracode,clireplychannel,lancodefirst,cliverified) VALUES(75,'Ara','','1983-10-20','1992-10-17 12:18:59-05','user75@ikoncompany.com','argon2$argon2i$v=19$m=512,t=2,p=2$SEVIVTg3elR5aDRr$SJiiD5imMzdZ0xiKYHdAwg',true,4,75,2,45,70,4,NULL,'websocket.send!uVoiFMNlwZNr',1,true);
INSERT INTO public.client(clicode,cliusername,cliname,clibirthdate,clidatesubscription,cliemail,clipassword,cliactive,citcode,cliuser_id,gencode,heicode,weicode,tclcode,fracode,clireplychannel,lancodefirst,cliverified) VALUES(76,'Juuly','Romeo','1962-10-17','1985-10-17 12:22:14-05','user76@ikoncompany.com','argon2$argon2i$v=19$m=512,t=2,p=2$Z1lhcG5SdGJHeU92$uBlqkZS4o/qGtq7MDMHVCQ',true,5,76,2,45,70,4,NULL,'websocket.send!ktBNuolRrQRk',1,true);
INSERT INTO public.client(clicode,cliusername,cliname,clibirthdate,clidatesubscription,cliemail,clipassword,cliactive,citcode,cliuser_id,gencode,heicode,weicode,tclcode,fracode,clireplychannel,lancodefirst,cliverified) VALUES(77,'Brenda','','1962-10-17','1985-10-17 12:22:14-05','user77@ikoncompany.com','argon2$argon2i$v=19$m=512,t=2,p=2$Z1lhcG5SdGJHeU92$uBlqkZS4o/qGtq7MDMHVCQ',true,5,77,2,44,70,4,NULL,'websocket.send!myHlxZCVadLl',1,true);


--MANAGER CLIENT
INSERT INTO public.manager_client (maccode, clicodemanager,clicodegirl) VALUES (1, 23,2);
INSERT INTO public.manager_client (maccode, clicodemanager,clicodegirl) VALUES (2, 23,3);
INSERT INTO public.manager_client (maccode, clicodemanager,clicodegirl) VALUES (3, 23,4);
INSERT INTO public.manager_client (maccode, clicodemanager,clicodegirl) VALUES (4, 23,5);
INSERT INTO public.manager_client (maccode, clicodemanager,clicodegirl) VALUES (5, 24,6);
INSERT INTO public.manager_client (maccode, clicodemanager,clicodegirl) VALUES (6, 24,7);
INSERT INTO public.manager_client (maccode, clicodemanager,clicodegirl) VALUES (7, 24,8);
INSERT INTO public.manager_client (maccode, clicodemanager,clicodegirl) VALUES (8, 24,9);
INSERT INTO public.manager_client (maccode, clicodemanager,clicodegirl) VALUES (9, 24,10);
INSERT INTO public.manager_client (maccode, clicodemanager,clicodegirl) VALUES (10, 24,11);

--Marital Status
INSERT INTO public.marital(marcode, marname, maractive) VALUES (1, 'Single', TRUE);
INSERT INTO public.marital(marcode, marname, maractive) VALUES (2, 'Never Married', TRUE);
INSERT INTO public.marital(marcode, marname, maractive) VALUES (3, 'Divorced', TRUE);
INSERT INTO public.marital(marcode, marname, maractive) VALUES (4, 'Separated', TRUE);
INSERT INTO public.marital(marcode, marname, maractive) VALUES (5, 'Married', TRUE);
INSERT INTO public.marital(marcode, marname, maractive) VALUES (6, 'Widowed', TRUE);


--EMAIL VERIFIED
INSERT INTO public.account_emailaddress(id, email, verified, "primary", user_id) VALUES (1,'admin@ikoncompany.com',True,True,1);
INSERT INTO public.account_emailaddress(id, email, verified, "primary", user_id) VALUES (2,'user1@ikoncompany.com',True,True,2);
INSERT INTO public.account_emailaddress(id, email, verified, "primary", user_id) VALUES (3,'user2@ikoncompany.com',True,True,3);
INSERT INTO public.account_emailaddress(id, email, verified, "primary", user_id) VALUES (4,'user3@ikoncompany.com',True,True,4);
INSERT INTO public.account_emailaddress(id, email, verified, "primary", user_id) VALUES (5,'user4@ikoncompany.com',True,True,5);
INSERT INTO public.account_emailaddress(id, email, verified, "primary", user_id) VALUES (6,'user5@ikoncompany.com',True,True,6);
INSERT INTO public.account_emailaddress(id, email, verified, "primary", user_id) VALUES (7,'user6@ikoncompany.com',True,True,7);
INSERT INTO public.account_emailaddress(id, email, verified, "primary", user_id) VALUES (8,'user7@ikoncompany.com',True,True,8);
INSERT INTO public.account_emailaddress(id, email, verified, "primary", user_id) VALUES (9,'user8@ikoncompany.com',True,True,9);
INSERT INTO public.account_emailaddress(id, email, verified, "primary", user_id) VALUES (10,'user9@ikoncompany.com',True,True,10);
INSERT INTO public.account_emailaddress(id, email, verified, "primary", user_id) VALUES (11,'user10@ikoncompany.com',True,True,11);
INSERT INTO public.account_emailaddress(id, email, verified, "primary", user_id) VALUES (12,'user11@ikoncompany.com',True,True,12);
INSERT INTO public.account_emailaddress(id, email, verified, "primary", user_id) VALUES (13,'user12@ikoncompany.com',True,True,13);
INSERT INTO public.account_emailaddress(id, email, verified, "primary", user_id) VALUES (14,'user13@ikoncompany.com',True,True,14);
INSERT INTO public.account_emailaddress(id, email, verified, "primary", user_id) VALUES (15,'user14@ikoncompany.com',True,True,15);
INSERT INTO public.account_emailaddress(id, email, verified, "primary", user_id) VALUES (16,'user15@ikoncompany.com',True,True,16);
INSERT INTO public.account_emailaddress(id, email, verified, "primary", user_id) VALUES (17,'user16@ikoncompany.com',True,True,17);
INSERT INTO public.account_emailaddress(id, email, verified, "primary", user_id) VALUES (18,'user17@ikoncompany.com',True,True,18);
INSERT INTO public.account_emailaddress(id, email, verified, "primary", user_id) VALUES (19,'user18@ikoncompany.com',True,True,19);
INSERT INTO public.account_emailaddress(id, email, verified, "primary", user_id) VALUES (20,'user19@ikoncompany.com',True,True,20);
INSERT INTO public.account_emailaddress(id, email, verified, "primary", user_id) VALUES (21,'user20@ikoncompany.com',True,True,21);
INSERT INTO public.account_emailaddress(id, email, verified, "primary", user_id) VALUES (22,'maritza@ikoncompany.com',True,True,22);
INSERT INTO public.account_emailaddress(id, email, verified, "primary", user_id) VALUES (23,'manager1@ikoncompany.com',True,True,23);
INSERT INTO public.account_emailaddress(id, email, verified, "primary", user_id) VALUES (24,'manager2@ikoncompany.com',True,True,24);
INSERT INTO public.account_emailaddress(id, email, verified, "primary", user_id) VALUES (25,'user24@ikoncompany.com',True,True,25);
INSERT INTO public.account_emailaddress(id, email, verified, "primary", user_id) VALUES (26,'user25@ikoncompany.com',True,True,26);
INSERT INTO public.account_emailaddress(id, email, verified, "primary", user_id) VALUES (27,'user26@ikoncompany.com',True,True,27);
INSERT INTO public.account_emailaddress(id, email, verified, "primary", user_id) VALUES (28,'user27@ikoncompany.com',True,True,28);
INSERT INTO public.account_emailaddress(id, email, verified, "primary", user_id) VALUES (29,'user28@ikoncompany.com',True,True,29);
INSERT INTO public.account_emailaddress(id, email, verified, "primary", user_id) VALUES (30,'user29@ikoncompany.com',True,True,30);
INSERT INTO public.account_emailaddress(id, email, verified, "primary", user_id) VALUES (31,'user30@ikoncompany.com',True,True,31);
INSERT INTO public.account_emailaddress(id, email, verified, "primary", user_id) VALUES (32,'user31@ikoncompany.com',True,True,32);
INSERT INTO public.account_emailaddress(id, email, verified, "primary", user_id) VALUES (33,'user32@ikoncompany.com',True,True,33);
INSERT INTO public.account_emailaddress(id, email, verified, "primary", user_id) VALUES (34,'user33@ikoncompany.com',True,True,34);
INSERT INTO public.account_emailaddress(id, email, verified, "primary", user_id) VALUES (35,'user34@ikoncompany.com',True,True,35);
INSERT INTO public.account_emailaddress(id, email, verified, "primary", user_id) VALUES (36,'user35@ikoncompany.com',True,True,36);
INSERT INTO public.account_emailaddress(id, email, verified, "primary", user_id) VALUES (37,'user36@ikoncompany.com',True,True,37);
INSERT INTO public.account_emailaddress(id, email, verified, "primary", user_id) VALUES (38,'user37@ikoncompany.com',True,True,38);
INSERT INTO public.account_emailaddress(id, email, verified, "primary", user_id) VALUES (39,'user38@ikoncompany.com',True,True,39);
INSERT INTO public.account_emailaddress(id, email, verified, "primary", user_id) VALUES (40,'user39@ikoncompany.com',True,True,40);
INSERT INTO public.account_emailaddress(id, email, verified, "primary", user_id) VALUES (41,'user40@ikoncompany.com',True,True,41);
INSERT INTO public.account_emailaddress(id, email, verified, "primary", user_id) VALUES (42,'user41@ikoncompany.com',True,True,42);
INSERT INTO public.account_emailaddress(id, email, verified, "primary", user_id) VALUES (43,'user42@ikoncompany.com',True,True,43);
INSERT INTO public.account_emailaddress(id, email, verified, "primary", user_id) VALUES (44,'user43@ikoncompany.com',True,True,44);
INSERT INTO public.account_emailaddress(id, email, verified, "primary", user_id) VALUES (45,'user44@ikoncompany.com',True,True,45);
INSERT INTO public.account_emailaddress(id, email, verified, "primary", user_id) VALUES (46,'user45@ikoncompany.com',True,True,46);
INSERT INTO public.account_emailaddress(id, email, verified, "primary", user_id) VALUES (47,'user46@ikoncompany.com',True,True,47);
INSERT INTO public.account_emailaddress(id, email, verified, "primary", user_id) VALUES (48,'user47@ikoncompany.com',True,True,48);
INSERT INTO public.account_emailaddress(id, email, verified, "primary", user_id) VALUES (49,'user48@ikoncompany.com',True,True,49);
INSERT INTO public.account_emailaddress(id, email, verified, "primary", user_id) VALUES (50,'user49@ikoncompany.com',True,True,50);
INSERT INTO public.account_emailaddress(id, email, verified, "primary", user_id) VALUES (51,'user50@ikoncompany.com',True,True,51);
INSERT INTO public.account_emailaddress(id, email, verified, "primary", user_id) VALUES (52,'user51@ikoncompany.com',True,True,52);
INSERT INTO public.account_emailaddress(id, email, verified, "primary", user_id) VALUES (53,'user52@ikoncompany.com',True,True,53);
INSERT INTO public.account_emailaddress(id, email, verified, "primary", user_id) VALUES (54,'user53@ikoncompany.com',True,True,54);
INSERT INTO public.account_emailaddress(id, email, verified, "primary", user_id) VALUES (55,'user54@ikoncompany.com',True,True,55);
INSERT INTO public.account_emailaddress(id, email, verified, "primary", user_id) VALUES (56,'user55@ikoncompany.com',True,True,56);
INSERT INTO public.account_emailaddress(id, email, verified, "primary", user_id) VALUES (57,'user56@ikoncompany.com',True,True,57);
INSERT INTO public.account_emailaddress(id, email, verified, "primary", user_id) VALUES (58,'user57@ikoncompany.com',True,True,58);
INSERT INTO public.account_emailaddress(id, email, verified, "primary", user_id) VALUES (59,'user58@ikoncompany.com',True,True,59);
INSERT INTO public.account_emailaddress(id, email, verified, "primary", user_id) VALUES (60,'user59@ikoncompany.com',True,True,60);
INSERT INTO public.account_emailaddress (id,email,verified,"primary",user_id) VALUES (61,'user61@ikoncompany.com',TRUE,TRUE,61);
INSERT INTO public.account_emailaddress (id,email,verified,"primary",user_id) VALUES (62,'user62@ikoncompany.com',TRUE,TRUE,62);
INSERT INTO public.account_emailaddress (id,email,verified,"primary",user_id) VALUES (63,'user63@ikoncompany.com',TRUE,TRUE,63);
INSERT INTO public.account_emailaddress (id,email,verified,"primary",user_id) VALUES (64,'user64@ikoncompany.com',TRUE,TRUE,64);
INSERT INTO public.account_emailaddress (id,email,verified,"primary",user_id) VALUES (65,'user65@ikoncompany.com',TRUE,TRUE,65);
INSERT INTO public.account_emailaddress (id,email,verified,"primary",user_id) VALUES (66,'user66@ikoncompany.com',TRUE,TRUE,66);
INSERT INTO public.account_emailaddress (id,email,verified,"primary",user_id) VALUES (67,'user67@ikoncompany.com',TRUE,TRUE,67);
INSERT INTO public.account_emailaddress (id,email,verified,"primary",user_id) VALUES (68,'user68@ikoncompany.com',TRUE,TRUE,68);
INSERT INTO public.account_emailaddress (id,email,verified,"primary",user_id) VALUES (69,'user69@ikoncompany.com',TRUE,TRUE,69);
INSERT INTO public.account_emailaddress (id,email,verified,"primary",user_id) VALUES (70,'user70@ikoncompany.com',TRUE,TRUE,70);
INSERT INTO public.account_emailaddress (id,email,verified,"primary",user_id) VALUES (71,'user71@ikoncompany.com',TRUE,TRUE,71);
INSERT INTO public.account_emailaddress (id,email,verified,"primary",user_id) VALUES (72,'user72@ikoncompany.com',TRUE,TRUE,72);
INSERT INTO public.account_emailaddress (id,email,verified,"primary",user_id) VALUES (73,'user73@ikoncompany.com',TRUE,TRUE,73);
INSERT INTO public.account_emailaddress (id,email,verified,"primary",user_id) VALUES (74,'user74@ikoncompany.com',TRUE,TRUE,74);
INSERT INTO public.account_emailaddress (id,email,verified,"primary",user_id) VALUES (75,'user75@ikoncompany.com',TRUE,TRUE,75);
INSERT INTO public.account_emailaddress (id,email,verified,"primary",user_id) VALUES (76,'user76@ikoncompany.com',TRUE,TRUE,76);
INSERT INTO public.account_emailaddress (id,email,verified,"primary",user_id) VALUES (77,'user77@ikoncompany.com',TRUE,TRUE,77);

--TESTIMONIALS
INSERT INTO public.testimonial(tescode, tesname,tescomment,tespicture,tesdate,testype,tesactive,tesbirthdate,citcode) VALUES(1, 'Cindy','Facebook permitirá que los usuarios argentinos puedan optar más allá de "hombre" o "mujer" al configurar su perfil para que,de esta forma,expresen de mejor forma su identidad dentro de la plataforma.','testimonials/cliente1.jpg','2016-10-04','C',true,'1981-01-12',1);
INSERT INTO public.testimonial(tescode, tesname,tescomment,tespicture,tesdate,testype,tesactive,tesbirthdate,citcode) VALUES(2, 'Lucia','Facebook permitirá que los usuarios argentinos puedan optar más allá de "hombre" o "mujer" al configurar su perfil para que,de esta forma,expresen de mejor forma su identidad dentro de la plataforma.','testimonials/cliente2.jpg','2016-10-04','C',true,'1981-01-26',2);
INSERT INTO public.testimonial(tescode, tesname,tescomment,tespicture,tesdate,testype,tesactive,tesbirthdate,citcode) VALUES (3, 'Caroline','Facebook permitirá que los usuarios argentinos puedan optar más allá de "hombre" o "mujer" al configurar su perfil para que,de esta forma,expresen de mejor forma su identidad dentro de la plataforma.','testimonials/cliente3.jpg','2016-10-04','C',true,'1977-01-12',3);
INSERT INTO public.testimonial(tescode, tesname,tescomment,tespicture,tesdate,testype,tesactive,tesbirthdate,citcode) VALUES(4, 'Fernanda','Facebook permitirá que los usuarios argentinos puedan optar más allá de "hombre" o "mujer" al configurar su perfil para que,de esta forma,expresen de mejor forma su identidad dentro de la plataforma.','testimonials/cliente4.jpg','2016-10-04','C',true,'1956-01-12',4);
INSERT INTO public.testimonial(tescode, tesname,tescomment,tespicture,tesdate,testype,tesactive,tesbirthdate,citcode) VALUES (5, 'Alexa','Facebook permitirá que los usuarios argentinos puedan optar más allá de "hombre" o "mujer" al configurar su perfil para que,de esta forma,expresen de mejor forma su identidad dentro de la plataforma.','testimonials/cliente5.jpg','2016-10-04','C',true,'1981-01-12',5);
INSERT INTO public.testimonial(tescode, tesname,tescomment,tespicture,tesdate,testype,tesactive,tesbirthdate,citcode) VALUES (6, 'Rubi','Facebook permitirá que los usuarios argentinos puedan optar más allá de "hombre" o "mujer" al configurar su perfil para que,de esta forma,expresen de mejor forma su identidad dentro de la plataforma.','testimonials/cliente6.jpg','2016-10-04','C',true,'1981-01-12',6);
INSERT INTO public.testimonial(tescode, tesname,tescomment,tespicture,tesdate,testype,tesactive,tesbirthdate,citcode) VALUES (7, 'Luisa','Facebook permitirá que los usuarios argentinos puedan optar más allá de "hombre" o "mujer" al configurar su perfil para que,de esta forma,expresen de mejor forma su identidad dentro de la plataforma.','testimonials/cliente7.jpg','2016-10-04','C',true,'1981-01-12',7);
INSERT INTO public.testimonial(tescode, tesname,tescomment,tespicture,tesdate,testype,tesactive,tesbirthdate,citcode) VALUES (8, 'Alejandra','Facebook permitirá que los usuarios argentinos puedan optar más allá de "hombre" o "mujer" al configurar su perfil para que,de esta forma,expresen de mejor forma su identidad dentro de la plataforma.','testimonials/cliente8.jpg','2016-10-04','C',true,'1981-01-12',8);
INSERT INTO public.testimonial(tescode, tesname,tescomment,tespicture,tesdate,testype,tesactive,tesbirthdate,citcode) VALUES(9, 'Paula','Facebook permitirá que los usuarios argentinos puedan optar más allá de "hombre" o "mujer" al configurar su perfil para que,de esta forma,expresen de mejor forma su identidad dentro de la plataforma.','testimonials/cliente9.jpg','2016-10-04','C',true,'1981-01-12',8);
INSERT INTO public.testimonial(tescode, tesname,tescomment,tespicture,tesdate,testype,tesactive,tesbirthdate,citcode) VALUES(10, 'Juan y Kathy','Facebook permitirá que los usuarios argentinos puedan optar más allá de "hombre" o "mujer" al configurar su perfil para que,de esta forma,expresen de mejor forma su identidad dentro de la plataforma.','testimonials/pareja1.jpg','2016-10-04','L',true,'1981-01-12',1);
INSERT INTO public.testimonial(tescode, tesname,tescomment,tespicture,tesdate,testype,tesactive,tesbirthdate,citcode) VALUES(11, 'Erick y Johana','Facebook permitirá que los usuarios argentinos puedan optar más allá de "hombre" o "mujer" al configurar su perfil para que,de esta forma,expresen de mejor forma su identidad dentro de la plataforma.','testimonials/pareja2.jpg','2016-10-04','L',true,'1981-01-12',1);
INSERT INTO public.testimonial(tescode, tesname,tescomment,tespicture,tesdate,testype,tesactive,tesbirthdate,citcode) VALUES(12, 'Ignacio y Lupita','Facebook permitirá que los usuarios argentinos puedan optar más allá de "hombre" o "mujer" al configurar su perfil para que,de esta forma,expresen de mejor forma su identidad dentro de la plataforma.','testimonials/pareja3.jpg','2016-10-04','L',true,'1981-01-12',1);
INSERT INTO public.testimonial(tescode, tesname,tescomment,tespicture,tesdate,testype,tesactive,tesbirthdate,citcode) VALUES(13, 'Andres y Viviana','Facebook permitirá que los usuarios argentinos puedan optar más allá de "hombre" o "mujer" al configurar su perfil para que,de esta forma,expresen de mejor forma su identidad dentro de la plataforma.','testimonials/pareja4.jpg','2016-10-04','L',true,'1988-01-12',1);
INSERT INTO public.testimonial(tescode, tesname,tescomment,tespicture,tesdate,testype,tesactive,tesbirthdate,citcode) VALUES(14, 'Jose y Luna','Facebook permitirá que los usuarios argentinos puedan optar más allá de "hombre" o "mujer" al configurar su perfil para que,de esta forma,expresen de mejor forma su identidad dentro de la plataforma.','testimonials/pareja5.jpg','2016-10-04','L',true,'1987-12-12',1);
INSERT INTO public.testimonial(tescode, tesname,tescomment,tespicture,tesdate,testype,tesactive,tesbirthdate,citcode) VALUES(15, 'Carlos y Ruth','Facebook permitirá que los usuarios argentinos puedan optar más allá de "hombre" o "mujer" al configurar su perfil para que,de esta forma,expresen de mejor forma su identidad dentro de la plataforma.','testimonials/pareja6.jpg','2016-10-04','L',true,'1990-01-12',1);
INSERT INTO public.testimonial(tescode, tesname,tescomment,tespicture,tesdate,testype,tesactive,tesbirthdate,citcode) VALUES (16, 'Pedro y Aide','Facebook permitirá que los usuarios argentinos puedan optar más allá de "hombre" o "mujer" al configurar su perfil para que,de esta forma,expresen de mejor forma su identidad dentro de la plataforma.','testimonials/pareja7.jpg','2016-10-04','L',true,'1979-09-30',1);

--ALBUM
INSERT INTO public.album_client (phacode,phaname,phadescription,phaactive,phacreationdate,phatype,clicode) VALUES(1,'Public','My public pictures',TRUE,'2016-12-29 17:59:00.866127-06',1,1);
INSERT INTO public.album_client (phacode,phaname,phadescription,phaactive,phacreationdate,phatype,clicode) VALUES(2,'Public','My public pictures',TRUE,'2016-12-29 17:59:00.866127-06',1,2);
INSERT INTO public.album_client (phacode,phaname,phadescription,phaactive,phacreationdate,phatype,clicode) VALUES(3,'Public','My public pictures',TRUE,'2016-12-29 17:59:00.866127-06',1,3);
INSERT INTO public.album_client (phacode,phaname,phadescription,phaactive,phacreationdate,phatype,clicode) VALUES(4,'Public','My public pictures',TRUE,'2016-12-29 17:59:00.866127-06',1,4);
INSERT INTO public.album_client (phacode,phaname,phadescription,phaactive,phacreationdate,phatype,clicode) VALUES(5,'Public','My public pictures',TRUE,'2016-12-29 17:59:00.866127-06',1,5);
INSERT INTO public.album_client (phacode,phaname,phadescription,phaactive,phacreationdate,phatype,clicode) VALUES(6,'Public','My public pictures',TRUE,'2016-12-29 17:59:00.866127-06',1,6);
INSERT INTO public.album_client (phacode,phaname,phadescription,phaactive,phacreationdate,phatype,clicode) VALUES(7,'Public','My public pictures',TRUE,'2016-12-29 17:59:00.866127-06',1,7);
INSERT INTO public.album_client (phacode,phaname,phadescription,phaactive,phacreationdate,phatype,clicode) VALUES(8,'Public','My public pictures',TRUE,'2016-12-29 17:59:00.866127-06',1,8);
INSERT INTO public.album_client (phacode,phaname,phadescription,phaactive,phacreationdate,phatype,clicode) VALUES(9,'Public','My public pictures',TRUE,'2016-12-29 17:59:00.866127-06',1,9);
INSERT INTO public.album_client (phacode,phaname,phadescription,phaactive,phacreationdate,phatype,clicode) VALUES(10,'Public','My public pictures',TRUE,'2016-12-29 17:59:00.866127-06',1,10);
INSERT INTO public.album_client (phacode,phaname,phadescription,phaactive,phacreationdate,phatype,clicode) VALUES(11,'Public','My public pictures',TRUE,'2016-12-29 17:59:00.866127-06',1,11);
INSERT INTO public.album_client (phacode,phaname,phadescription,phaactive,phacreationdate,phatype,clicode) VALUES(12,'Public','My public pictures',TRUE,'2016-12-29 17:59:00.866127-06',1,12);
INSERT INTO public.album_client (phacode,phaname,phadescription,phaactive,phacreationdate,phatype,clicode) VALUES(13,'Public','My public pictures',TRUE,'2016-12-29 17:59:00.866127-06',1,13);
INSERT INTO public.album_client (phacode,phaname,phadescription,phaactive,phacreationdate,phatype,clicode) VALUES(14,'Public','My public pictures',TRUE,'2016-12-29 17:59:00.866127-06',1,14);
INSERT INTO public.album_client (phacode,phaname,phadescription,phaactive,phacreationdate,phatype,clicode) VALUES(15,'Public','My public pictures',TRUE,'2016-12-29 17:59:00.866127-06',1,15);
INSERT INTO public.album_client (phacode,phaname,phadescription,phaactive,phacreationdate,phatype,clicode) VALUES(16,'Public','My public pictures',TRUE,'2016-12-29 17:59:00.866127-06',1,16);
INSERT INTO public.album_client (phacode,phaname,phadescription,phaactive,phacreationdate,phatype,clicode) VALUES(17,'Public','My public pictures',TRUE,'2016-12-29 17:59:00.866127-06',1,17);
INSERT INTO public.album_client (phacode,phaname,phadescription,phaactive,phacreationdate,phatype,clicode) VALUES(18,'Public','My public pictures',TRUE,'2016-12-29 17:59:00.866127-06',1,18);
INSERT INTO public.album_client (phacode,phaname,phadescription,phaactive,phacreationdate,phatype,clicode) VALUES(19,'Public','My public pictures',TRUE,'2016-12-29 17:59:00.866127-06',1,19);
INSERT INTO public.album_client (phacode,phaname,phadescription,phaactive,phacreationdate,phatype,clicode) VALUES(20,'Public','My public pictures',TRUE,'2016-12-29 17:59:00.866127-06',1,20);
INSERT INTO public.album_client (phacode,phaname,phadescription,phaactive,phacreationdate,phatype,clicode) VALUES(21,'Public','My public pictures',TRUE,'2016-12-29 17:59:00.866127-06',1,21);
INSERT INTO public.album_client (phacode,phaname,phadescription,phaactive,phacreationdate,phatype,clicode) VALUES(22,'Public','My public pictures',TRUE,'2016-12-29 17:59:00.866127-06',1,22);
INSERT INTO public.album_client (phacode,phaname,phadescription,phaactive,phacreationdate,phatype,clicode) VALUES(23,'Public','My public pictures',TRUE,'2016-12-29 17:59:00.866127-06',1,23);
INSERT INTO public.album_client (phacode,phaname,phadescription,phaactive,phacreationdate,phatype,clicode) VALUES(24,'Public','My public pictures',TRUE,'2016-12-29 17:59:00.866127-06',1,24);
INSERT INTO public.album_client (phacode,phaname,phadescription,phaactive,phacreationdate,phatype,clicode) VALUES(25,'Public','My public pictures',TRUE,'2016-12-29 17:59:00.866127-06',1,25);
INSERT INTO public.album_client (phacode,phaname,phadescription,phaactive,phacreationdate,phatype,clicode) VALUES(26,'Public','My public pictures',TRUE,'2016-12-29 17:59:00.866127-06',1,26);
INSERT INTO public.album_client (phacode,phaname,phadescription,phaactive,phacreationdate,phatype,clicode) VALUES(27,'Public','My public pictures',TRUE,'2016-12-29 17:59:00.866127-06',1,27);
INSERT INTO public.album_client (phacode,phaname,phadescription,phaactive,phacreationdate,phatype,clicode) VALUES(28,'Public','My public pictures',TRUE,'2016-12-29 17:59:00.866127-06',1,28);
INSERT INTO public.album_client (phacode,phaname,phadescription,phaactive,phacreationdate,phatype,clicode) VALUES(29,'Public','My public pictures',TRUE,'2016-12-29 17:59:00.866127-06',1,29);
INSERT INTO public.album_client (phacode,phaname,phadescription,phaactive,phacreationdate,phatype,clicode) VALUES(30,'Public','My public pictures',TRUE,'2016-12-29 17:59:00.866127-06',1,30);
INSERT INTO public.album_client (phacode,phaname,phadescription,phaactive,phacreationdate,phatype,clicode) VALUES(31,'Public','My public pictures',TRUE,'2016-12-29 17:59:00.866127-06',1,31);
INSERT INTO public.album_client (phacode,phaname,phadescription,phaactive,phacreationdate,phatype,clicode) VALUES(32,'Public','My public pictures',TRUE,'2016-12-29 17:59:00.866127-06',1,32);
INSERT INTO public.album_client (phacode,phaname,phadescription,phaactive,phacreationdate,phatype,clicode) VALUES(33,'Public','My public pictures',TRUE,'2016-12-29 17:59:00.866127-06',1,33);
INSERT INTO public.album_client (phacode,phaname,phadescription,phaactive,phacreationdate,phatype,clicode) VALUES(34,'Public','My public pictures',TRUE,'2016-12-29 17:59:00.866127-06',1,34);
INSERT INTO public.album_client (phacode,phaname,phadescription,phaactive,phacreationdate,phatype,clicode) VALUES(35,'Public','My public pictures',TRUE,'2016-12-29 17:59:00.866127-06',1,35);
INSERT INTO public.album_client (phacode,phaname,phadescription,phaactive,phacreationdate,phatype,clicode) VALUES(36,'Public','My public pictures',TRUE,'2016-12-29 17:59:00.866127-06',1,36);
INSERT INTO public.album_client (phacode,phaname,phadescription,phaactive,phacreationdate,phatype,clicode) VALUES(37,'Public','My public pictures',TRUE,'2016-12-29 17:59:00.866127-06',1,37);
INSERT INTO public.album_client (phacode,phaname,phadescription,phaactive,phacreationdate,phatype,clicode) VALUES(38,'Public','My public pictures',TRUE,'2016-12-29 17:59:00.866127-06',1,38);
INSERT INTO public.album_client (phacode,phaname,phadescription,phaactive,phacreationdate,phatype,clicode) VALUES(39,'Public','My public pictures',TRUE,'2016-12-29 17:59:00.866127-06',1,39);
INSERT INTO public.album_client (phacode,phaname,phadescription,phaactive,phacreationdate,phatype,clicode) VALUES(40,'Public','My public pictures',TRUE,'2016-12-29 17:59:00.866127-06',1,40);
INSERT INTO public.album_client (phacode,phaname,phadescription,phaactive,phacreationdate,phatype,clicode) VALUES(41,'Public','My public pictures',TRUE,'2016-12-29 17:59:00.866127-06',1,41);
INSERT INTO public.album_client (phacode,phaname,phadescription,phaactive,phacreationdate,phatype,clicode) VALUES(42,'Public','My public pictures',TRUE,'2016-12-29 17:59:00.866127-06',1,42);
INSERT INTO public.album_client (phacode,phaname,phadescription,phaactive,phacreationdate,phatype,clicode) VALUES(43,'Public','My public pictures',TRUE,'2016-12-29 17:59:00.866127-06',1,43);
INSERT INTO public.album_client (phacode,phaname,phadescription,phaactive,phacreationdate,phatype,clicode) VALUES(44,'Public','My public pictures',TRUE,'2016-12-29 17:59:00.866127-06',1,44);
INSERT INTO public.album_client (phacode,phaname,phadescription,phaactive,phacreationdate,phatype,clicode) VALUES(45,'Public','My public pictures',TRUE,'2016-12-29 17:59:00.866127-06',1,45);
INSERT INTO public.album_client (phacode,phaname,phadescription,phaactive,phacreationdate,phatype,clicode) VALUES(46,'Public','My public pictures',TRUE,'2016-12-29 17:59:00.866127-06',1,46);
INSERT INTO public.album_client (phacode,phaname,phadescription,phaactive,phacreationdate,phatype,clicode) VALUES(47,'Public','My public pictures',TRUE,'2016-12-29 17:59:00.866127-06',1,47);
INSERT INTO public.album_client (phacode,phaname,phadescription,phaactive,phacreationdate,phatype,clicode) VALUES(48,'Public','My public pictures',TRUE,'2016-12-29 17:59:00.866127-06',1,48);
INSERT INTO public.album_client (phacode,phaname,phadescription,phaactive,phacreationdate,phatype,clicode) VALUES(49,'Public','My public pictures',TRUE,'2016-12-29 17:59:00.866127-06',1,49);
INSERT INTO public.album_client (phacode,phaname,phadescription,phaactive,phacreationdate,phatype,clicode) VALUES(50,'Public','My public pictures',TRUE,'2016-12-29 17:59:00.866127-06',1,50);
INSERT INTO public.album_client (phacode,phaname,phadescription,phaactive,phacreationdate,phatype,clicode) VALUES(51,'Public','My public pictures',TRUE,'2016-12-29 17:59:00.866127-06',1,51);
INSERT INTO public.album_client (phacode,phaname,phadescription,phaactive,phacreationdate,phatype,clicode) VALUES(52,'Public','My public pictures',TRUE,'2016-12-29 17:59:00.866127-06',1,52);
INSERT INTO public.album_client (phacode,phaname,phadescription,phaactive,phacreationdate,phatype,clicode) VALUES(53,'Public','My public pictures',TRUE,'2016-12-29 17:59:00.866127-06',1,53);
INSERT INTO public.album_client (phacode,phaname,phadescription,phaactive,phacreationdate,phatype,clicode) VALUES(54,'Public','My public pictures',TRUE,'2016-12-29 17:59:00.866127-06',1,54);
INSERT INTO public.album_client (phacode,phaname,phadescription,phaactive,phacreationdate,phatype,clicode) VALUES(55,'Public','My public pictures',TRUE,'2016-12-29 17:59:00.866127-06',1,55);
INSERT INTO public.album_client (phacode,phaname,phadescription,phaactive,phacreationdate,phatype,clicode) VALUES(56,'Public','My public pictures',TRUE,'2016-12-29 17:59:00.866127-06',1,56);
INSERT INTO public.album_client (phacode,phaname,phadescription,phaactive,phacreationdate,phatype,clicode) VALUES(57,'Public','My public pictures',TRUE,'2016-12-29 17:59:00.866127-06',1,57);
INSERT INTO public.album_client (phacode,phaname,phadescription,phaactive,phacreationdate,phatype,clicode) VALUES(58,'Public','My public pictures',TRUE,'2016-12-29 17:59:00.866127-06',1,58);
INSERT INTO public.album_client (phacode,phaname,phadescription,phaactive,phacreationdate,phatype,clicode) VALUES(59,'Public','My public pictures',TRUE,'2016-12-29 17:59:00.866127-06',1,59);
INSERT INTO public.album_client (phacode,phaname,phadescription,phaactive,phacreationdate,phatype,clicode) VALUES(60,'Public','My public pictures',TRUE,'2016-12-29 17:59:00.866127-06',1,60);
INSERT INTO public.album_client (phacode,phaname,phadescription,phaactive,phacreationdate,phatype,clicode) VALUES(61,'public','My public pictures',TRUE,'2016-12-29 17:59:00.866127-06',1,61);
INSERT INTO public.album_client (phacode,phaname,phadescription,phaactive,phacreationdate,phatype,clicode) VALUES(62,'public','My public pictures',TRUE,'2016-12-29 17:59:00.866127-06',1,62);
INSERT INTO public.album_client (phacode,phaname,phadescription,phaactive,phacreationdate,phatype,clicode) VALUES(63,'public','My public pictures',TRUE,'2016-12-29 17:59:00.866127-06',1,63);
INSERT INTO public.album_client (phacode,phaname,phadescription,phaactive,phacreationdate,phatype,clicode) VALUES(64,'public','My public pictures',TRUE,'2016-12-29 17:59:00.866127-06',1,64);
INSERT INTO public.album_client (phacode,phaname,phadescription,phaactive,phacreationdate,phatype,clicode) VALUES(65,'public','My public pictures',TRUE,'2016-12-29 17:59:00.866127-06',1,65);
INSERT INTO public.album_client (phacode,phaname,phadescription,phaactive,phacreationdate,phatype,clicode) VALUES(66,'public','My public pictures',TRUE,'2016-12-29 17:59:00.866127-06',1,66);
INSERT INTO public.album_client (phacode,phaname,phadescription,phaactive,phacreationdate,phatype,clicode) VALUES(67,'public','My public pictures',TRUE,'2016-12-29 17:59:00.866127-06',1,67);
INSERT INTO public.album_client (phacode,phaname,phadescription,phaactive,phacreationdate,phatype,clicode) VALUES(68,'public','My public pictures',TRUE,'2016-12-29 17:59:00.866127-06',1,68);
INSERT INTO public.album_client (phacode,phaname,phadescription,phaactive,phacreationdate,phatype,clicode) VALUES(69,'public','My public pictures',TRUE,'2016-12-29 17:59:00.866127-06',1,69);
INSERT INTO public.album_client (phacode,phaname,phadescription,phaactive,phacreationdate,phatype,clicode) VALUES(70,'public','My public pictures',TRUE,'2016-12-29 17:59:00.866127-06',1,70);
INSERT INTO public.album_client (phacode,phaname,phadescription,phaactive,phacreationdate,phatype,clicode) VALUES(71,'public','My public pictures',TRUE,'2016-12-29 17:59:00.866127-06',1,71);
INSERT INTO public.album_client (phacode,phaname,phadescription,phaactive,phacreationdate,phatype,clicode) VALUES(72,'public','My public pictures',TRUE,'2016-12-29 17:59:00.866127-06',1,72);
INSERT INTO public.album_client (phacode,phaname,phadescription,phaactive,phacreationdate,phatype,clicode) VALUES(73,'public','My public pictures',TRUE,'2016-12-29 17:59:00.866127-06',1,73);
INSERT INTO public.album_client (phacode,phaname,phadescription,phaactive,phacreationdate,phatype,clicode) VALUES(74,'public','My public pictures',TRUE,'2016-12-29 17:59:00.866127-06',1,74);
INSERT INTO public.album_client (phacode,phaname,phadescription,phaactive,phacreationdate,phatype,clicode) VALUES(75,'public','My public pictures',TRUE,'2016-12-29 17:59:00.866127-06',1,75);
INSERT INTO public.album_client (phacode,phaname,phadescription,phaactive,phacreationdate,phatype,clicode) VALUES(76,'public','My public pictures',TRUE,'2016-12-29 17:59:00.866127-06',1,76);
INSERT INTO public.album_client (phacode,phaname,phadescription,phaactive,phacreationdate,phatype,clicode) VALUES(77,'public','My public pictures',TRUE,'2016-12-29 17:59:00.866127-06',1,77);
INSERT INTO public.album_client (phacode,phaname,phadescription,phaactive,phacreationdate,phatype,clicode) VALUES(78,'private','My private pictures',TRUE,'2016-12-29 17:59:00.866127-06',2,61);
INSERT INTO public.album_client (phacode,phaname,phadescription,phaactive,phacreationdate,phatype,clicode) VALUES(79,'private','My private pictures',TRUE,'2016-12-29 17:59:00.866127-06',2,62);
INSERT INTO public.album_client (phacode,phaname,phadescription,phaactive,phacreationdate,phatype,clicode) VALUES(80,'private','My private pictures',TRUE,'2016-12-29 17:59:00.866127-06',2,63);
INSERT INTO public.album_client (phacode,phaname,phadescription,phaactive,phacreationdate,phatype,clicode) VALUES(81,'private','My private pictures',TRUE,'2016-12-29 17:59:00.866127-06',2,64);
INSERT INTO public.album_client (phacode,phaname,phadescription,phaactive,phacreationdate,phatype,clicode) VALUES(82,'private','My private pictures',TRUE,'2016-12-29 17:59:00.866127-06',2,65);
INSERT INTO public.album_client (phacode,phaname,phadescription,phaactive,phacreationdate,phatype,clicode) VALUES(84,'public 2','My public pictures 1',TRUE,'2017-01-10 17:59:00.866127-06',1,61);
INSERT INTO public.album_client (phacode,phaname,phadescription,phaactive,phacreationdate,phatype,clicode) VALUES(85,'private 2','My private pictures 2',TRUE,'2017-01-12 17:59:00.866127-06',2,61);

--CLIENT PICTURES

INSERT INTO public.picture_client (piccode,picpath,picactive,picprofile,phacode) VALUES(1, 'clients_pictures/12/01.png',TRUE,TRUE,12);
INSERT INTO public.picture_client (piccode,picpath,picactive,picprofile,phacode) VALUES(2, 'clients_pictures/12/02.png',TRUE,FALSE,12);
INSERT INTO public.picture_client (piccode,picpath,picactive,picprofile,phacode) VALUES(3, 'clients_pictures/12/03.png',TRUE,FALSE,12);
INSERT INTO public.picture_client (piccode,picpath,picactive,picprofile,phacode) VALUES(4, 'clients_pictures/12/04.png',TRUE,FALSE,12);
INSERT INTO public.picture_client (piccode,picpath,picactive,picprofile,phacode) VALUES(5, 'clients_pictures/12/05.png',TRUE,FALSE,12);
INSERT INTO public.picture_client (piccode,picpath,picactive,picprofile,phacode) VALUES(6, 'clients_pictures/2/01.png',TRUE,TRUE,2);
INSERT INTO public.picture_client (piccode,picpath,picactive,picprofile,phacode) VALUES(7, 'clients_pictures/2/02.png',TRUE,FALSE,2);
INSERT INTO public.picture_client (piccode,picpath,picactive,picprofile,phacode) VALUES(8, 'clients_pictures/2/03.png',TRUE,FALSE,2);
INSERT INTO public.picture_client (piccode,picpath,picactive,picprofile,phacode) VALUES(9, 'clients_pictures/2/04.png',TRUE,FALSE,2);
INSERT INTO public.picture_client (piccode,picpath,picactive,picprofile,phacode) VALUES(10, 'clients_pictures/2/05.png',TRUE,FALSE,2);
INSERT INTO public.picture_client (piccode,picpath,picactive,picprofile,phacode) VALUES(11, 'clients_pictures/2/06.png',TRUE,FALSE,2);
INSERT INTO public.picture_client (piccode,picpath,picactive,picprofile,phacode) VALUES(12, 'clients_pictures/2/07.png',TRUE,FALSE,2);
INSERT INTO public.picture_client (piccode,picpath,picactive,picprofile,phacode) VALUES(13, 'clients_pictures/2/08.png',TRUE,FALSE,2);
INSERT INTO public.picture_client (piccode,picpath,picactive,picprofile,phacode) VALUES(14, 'clients_pictures/2/09.png',TRUE,FALSE,2);
INSERT INTO public.picture_client (piccode,picpath,picactive,picprofile,phacode) VALUES(15, 'clients_pictures/3/01.png',TRUE,TRUE,3);
INSERT INTO public.picture_client (piccode,picpath,picactive,picprofile,phacode) VALUES(16, 'clients_pictures/3/02.png',TRUE,FALSE,3);
INSERT INTO public.picture_client (piccode,picpath,picactive,picprofile,phacode) VALUES(17, 'clients_pictures/3/03.png',TRUE,FALSE,3);
INSERT INTO public.picture_client (piccode,picpath,picactive,picprofile,phacode) VALUES(18, 'clients_pictures/3/04.png',TRUE,FALSE,3);
INSERT INTO public.picture_client (piccode,picpath,picactive,picprofile,phacode) VALUES(19, 'clients_pictures/3/05.png',TRUE,FALSE,3);
INSERT INTO public.picture_client (piccode,picpath,picactive,picprofile,phacode) VALUES(20, 'clients_pictures/3/06.png',TRUE,FALSE,3);
INSERT INTO public.picture_client (piccode,picpath,picactive,picprofile,phacode) VALUES(21, 'clients_pictures/3/07.png',TRUE,FALSE,3);
INSERT INTO public.picture_client (piccode,picpath,picactive,picprofile,phacode) VALUES(22, 'clients_pictures/3/08.png',TRUE,FALSE,3);
INSERT INTO public.picture_client (piccode,picpath,picactive,picprofile,phacode) VALUES(23, 'clients_pictures/3/09.png',TRUE,FALSE,3);
INSERT INTO public.picture_client (piccode,picpath,picactive,picprofile,phacode) VALUES(24, 'clients_pictures/4/01.png',TRUE,TRUE,4);
INSERT INTO public.picture_client (piccode,picpath,picactive,picprofile,phacode) VALUES(25, 'clients_pictures/4/02.png',TRUE,FALSE,4);
INSERT INTO public.picture_client (piccode,picpath,picactive,picprofile,phacode) VALUES(26, 'clients_pictures/4/03.png',TRUE,FALSE,4);
INSERT INTO public.picture_client (piccode,picpath,picactive,picprofile,phacode) VALUES(27, 'clients_pictures/4/04.png',TRUE,FALSE,4);
INSERT INTO public.picture_client (piccode,picpath,picactive,picprofile,phacode) VALUES(28, 'clients_pictures/4/05.png',TRUE,FALSE,4);
INSERT INTO public.picture_client (piccode,picpath,picactive,picprofile,phacode) VALUES(29, 'clients_pictures/4/06.png',TRUE,FALSE,4);
INSERT INTO public.picture_client (piccode,picpath,picactive,picprofile,phacode) VALUES(30, 'clients_pictures/4/07.png',TRUE,FALSE,4);
INSERT INTO public.picture_client (piccode,picpath,picactive,picprofile,phacode) VALUES(31, 'clients_pictures/4/08.png',TRUE,FALSE,4);
INSERT INTO public.picture_client (piccode,picpath,picactive,picprofile,phacode) VALUES(32, 'clients_pictures/4/09.png',TRUE,FALSE,4);
INSERT INTO public.picture_client (piccode,picpath,picactive,picprofile,phacode) VALUES(33, 'clients_pictures/5/01.png',TRUE,TRUE,5);
INSERT INTO public.picture_client (piccode,picpath,picactive,picprofile,phacode) VALUES(34, 'clients_pictures/5/02.png',TRUE,FALSE,5);
INSERT INTO public.picture_client (piccode,picpath,picactive,picprofile,phacode) VALUES(35, 'clients_pictures/5/03.png',TRUE,FALSE,5);
INSERT INTO public.picture_client (piccode,picpath,picactive,picprofile,phacode) VALUES(36, 'clients_pictures/5/04.png',TRUE,FALSE,5);
INSERT INTO public.picture_client (piccode,picpath,picactive,picprofile,phacode) VALUES(37, 'clients_pictures/5/05.png',TRUE,FALSE,5);
INSERT INTO public.picture_client (piccode,picpath,picactive,picprofile,phacode) VALUES(38, 'clients_pictures/5/06.png',TRUE,FALSE,5);
INSERT INTO public.picture_client (piccode,picpath,picactive,picprofile,phacode) VALUES(39, 'clients_pictures/5/07.png',TRUE,FALSE,5);
INSERT INTO public.picture_client (piccode,picpath,picactive,picprofile,phacode) VALUES(40, 'clients_pictures/5/08.png',TRUE,FALSE,5);
INSERT INTO public.picture_client (piccode,picpath,picactive,picprofile,phacode) VALUES(41, 'clients_pictures/6/01.png',TRUE,TRUE,6);
INSERT INTO public.picture_client (piccode,picpath,picactive,picprofile,phacode) VALUES(42, 'clients_pictures/6/02.png',TRUE,FALSE,6);
INSERT INTO public.picture_client (piccode,picpath,picactive,picprofile,phacode) VALUES(43, 'clients_pictures/6/03.png',TRUE,FALSE,6);
INSERT INTO public.picture_client (piccode,picpath,picactive,picprofile,phacode) VALUES(44, 'clients_pictures/6/04.png',TRUE,FALSE,6);
INSERT INTO public.picture_client (piccode,picpath,picactive,picprofile,phacode) VALUES(45, 'clients_pictures/6/05.png',TRUE,FALSE,6);
INSERT INTO public.picture_client (piccode,picpath,picactive,picprofile,phacode) VALUES(46, 'clients_pictures/6/06.png',TRUE,FALSE,6);
INSERT INTO public.picture_client (piccode,picpath,picactive,picprofile,phacode) VALUES(47, 'clients_pictures/6/07.png',TRUE,FALSE,6);
INSERT INTO public.picture_client (piccode,picpath,picactive,picprofile,phacode) VALUES(48, 'clients_pictures/6/08.png',TRUE,FALSE,6);
INSERT INTO public.picture_client (piccode,picpath,picactive,picprofile,phacode) VALUES(49, 'clients_pictures/7/01.png',TRUE,TRUE,7);
INSERT INTO public.picture_client (piccode,picpath,picactive,picprofile,phacode) VALUES(50, 'clients_pictures/7/02.png',TRUE,FALSE,7);
INSERT INTO public.picture_client (piccode,picpath,picactive,picprofile,phacode) VALUES(51, 'clients_pictures/7/03.png',TRUE,FALSE,7);
INSERT INTO public.picture_client (piccode,picpath,picactive,picprofile,phacode) VALUES(52, 'clients_pictures/7/04.png',TRUE,FALSE,7);
INSERT INTO public.picture_client (piccode,picpath,picactive,picprofile,phacode) VALUES(53, 'clients_pictures/7/05.png',TRUE,FALSE,7);
INSERT INTO public.picture_client (piccode,picpath,picactive,picprofile,phacode) VALUES(54, 'clients_pictures/8/01.png',TRUE,TRUE,8);
INSERT INTO public.picture_client (piccode,picpath,picactive,picprofile,phacode) VALUES(55, 'clients_pictures/8/02.png',TRUE,FALSE,8);
INSERT INTO public.picture_client (piccode,picpath,picactive,picprofile,phacode) VALUES(56, 'clients_pictures/8/03.png',TRUE,FALSE,8);
INSERT INTO public.picture_client (piccode,picpath,picactive,picprofile,phacode) VALUES(57, 'clients_pictures/8/04.png',TRUE,FALSE,8);
INSERT INTO public.picture_client (piccode,picpath,picactive,picprofile,phacode) VALUES(58, 'clients_pictures/8/05.png',TRUE,FALSE,8);
INSERT INTO public.picture_client (piccode,picpath,picactive,picprofile,phacode) VALUES(59, 'clients_pictures/8/06.png',TRUE,FALSE,8);
INSERT INTO public.picture_client (piccode,picpath,picactive,picprofile,phacode) VALUES(60, 'clients_pictures/8/07.png',TRUE,FALSE,8);
INSERT INTO public.picture_client (piccode,picpath,picactive,picprofile,phacode) VALUES(61, 'clients_pictures/8/08.png',TRUE,FALSE,8);
INSERT INTO public.picture_client (piccode,picpath,picactive,picprofile,phacode) VALUES(62, 'clients_pictures/8/09.png',TRUE,FALSE,8);
INSERT INTO public.picture_client (piccode,picpath,picactive,picprofile,phacode) VALUES(63, 'clients_pictures/9/01.png',TRUE,TRUE,9);
INSERT INTO public.picture_client (piccode,picpath,picactive,picprofile,phacode) VALUES(64, 'clients_pictures/9/02.png',TRUE,FALSE,9);
INSERT INTO public.picture_client (piccode,picpath,picactive,picprofile,phacode) VALUES(65, 'clients_pictures/9/03.png',TRUE,FALSE,9);
INSERT INTO public.picture_client (piccode,picpath,picactive,picprofile,phacode) VALUES(66, 'clients_pictures/9/04.png',TRUE,FALSE,9);
INSERT INTO public.picture_client (piccode,picpath,picactive,picprofile,phacode) VALUES(67, 'clients_pictures/9/05.png',TRUE,FALSE,9);
INSERT INTO public.picture_client (piccode,picpath,picactive,picprofile,phacode) VALUES(68, 'clients_pictures/9/06.png',TRUE,FALSE,9);
INSERT INTO public.picture_client (piccode,picpath,picactive,picprofile,phacode) VALUES(69, 'clients_pictures/9/07.png',TRUE,FALSE,9);
INSERT INTO public.picture_client (piccode,picpath,picactive,picprofile,phacode) VALUES(70, 'clients_pictures/10/01.png',TRUE,TRUE,10);
INSERT INTO public.picture_client (piccode,picpath,picactive,picprofile,phacode) VALUES(71, 'clients_pictures/10/02.png',TRUE,FALSE,10);
INSERT INTO public.picture_client (piccode,picpath,picactive,picprofile,phacode) VALUES(72, 'clients_pictures/10/03.png',TRUE,FALSE,10);
INSERT INTO public.picture_client (piccode,picpath,picactive,picprofile,phacode) VALUES(73, 'clients_pictures/10/04.png',TRUE,FALSE,10);
INSERT INTO public.picture_client (piccode,picpath,picactive,picprofile,phacode) VALUES(74, 'clients_pictures/10/05.png',TRUE,FALSE,10);
INSERT INTO public.picture_client (piccode,picpath,picactive,picprofile,phacode) VALUES(75, 'clients_pictures/10/06.png',TRUE,FALSE,10);
INSERT INTO public.picture_client (piccode,picpath,picactive,picprofile,phacode) VALUES(76, 'clients_pictures/10/07.png',TRUE,FALSE,10);
INSERT INTO public.picture_client (piccode,picpath,picactive,picprofile,phacode) VALUES(77, 'clients_pictures/10/08.png',TRUE,FALSE,10);
INSERT INTO public.picture_client (piccode,picpath,picactive,picprofile,phacode) VALUES(78, 'clients_pictures/10/09.png',TRUE,FALSE,10);
INSERT INTO public.picture_client (piccode,picpath,picactive,picprofile,phacode) VALUES(79, 'clients_pictures/10/10.png',TRUE,FALSE,10);
INSERT INTO public.picture_client (piccode,picpath,picactive,picprofile,phacode) VALUES(80, 'clients_pictures/11/01.png',TRUE,TRUE,11);
INSERT INTO public.picture_client (piccode,picpath,picactive,picprofile,phacode) VALUES(81, 'clients_pictures/11/02.png',TRUE,FALSE,11);
INSERT INTO public.picture_client (piccode,picpath,picactive,picprofile,phacode) VALUES(82, 'clients_pictures/11/03.png',TRUE,FALSE,11);
INSERT INTO public.picture_client (piccode,picpath,picactive,picprofile,phacode) VALUES(83, 'clients_pictures/11/04.png',TRUE,FALSE,11);
INSERT INTO public.picture_client (piccode,picpath,picactive,picprofile,phacode) VALUES(84, 'clients_pictures/11/05.png',TRUE,FALSE,11);
INSERT INTO public.picture_client (piccode,picpath,picactive,picprofile,phacode) VALUES(85, 'clients_pictures/11/11.png',TRUE,FALSE,11);
INSERT INTO public.picture_client (piccode,picpath,picactive,picprofile,phacode) VALUES(86, 'clients_pictures/11/12.png',TRUE,FALSE,11);
INSERT INTO public.picture_client (piccode,picpath,picactive,picprofile,phacode) VALUES(87, 'clients_pictures/11/13.png',TRUE,FALSE,11);
INSERT INTO public.picture_client (piccode,picpath,picactive,picprofile,phacode) VALUES(88, 'clients_pictures/11/14.png',TRUE,FALSE,11);
INSERT INTO public.picture_client (piccode,picpath,picactive,picprofile,phacode) VALUES(89, 'clients_pictures/11/15.png',TRUE,FALSE,11);
INSERT INTO public.picture_client (piccode,picpath,picactive,picprofile,phacode) VALUES(90, 'clients_pictures/13/01.jpg',TRUE,TRUE,13);
INSERT INTO public.picture_client (piccode,picpath,picactive,picprofile,phacode) VALUES(91, 'clients_pictures/13/02.jpg',TRUE,FALSE,13);
INSERT INTO public.picture_client (piccode,picpath,picactive,picprofile,phacode) VALUES(92, 'clients_pictures/13/03.jpg',TRUE,FALSE,13);
INSERT INTO public.picture_client (piccode,picpath,picactive,picprofile,phacode) VALUES(93, 'clients_pictures/13/04.jpg',TRUE,FALSE,13);
INSERT INTO public.picture_client (piccode,picpath,picactive,picprofile,phacode) VALUES(94, 'clients_pictures/13/05.jpg',TRUE,FALSE,13);
INSERT INTO public.picture_client (piccode,picpath,picactive,picprofile,phacode) VALUES(95, 'clients_pictures/21/01.jpg',TRUE,TRUE,21);
INSERT INTO public.picture_client (piccode,picpath,picactive,picprofile,phacode) VALUES(96, 'clients_pictures/48/01.jpg',TRUE,TRUE,48);
INSERT INTO public.picture_client (piccode,picpath,picactive,picprofile,phacode) VALUES(97, 'clients_pictures/47/01.jpg',TRUE,TRUE,47);
INSERT INTO public.picture_client (piccode,picpath,picactive,picprofile,phacode) VALUES(98, 'clients_pictures/34/01.jpg',TRUE,TRUE,34);
INSERT INTO public.picture_client (piccode,picpath,picactive,picprofile,phacode) VALUES(99, 'clients_pictures/33/01.jpg',TRUE,TRUE,33);
INSERT INTO public.picture_client (piccode,picpath,picactive,picprofile,phacode) VALUES(100, 'clients_pictures/32/01.jpg',TRUE,TRUE,32);
INSERT INTO public.picture_client (piccode,picpath,picactive,picprofile,phacode) VALUES(101, 'clients_pictures/31/01.jpg',TRUE,TRUE,31);
INSERT INTO public.picture_client (piccode,picpath,picactive,picprofile,phacode) VALUES(102, 'clients_pictures/30/01.jpg',TRUE,TRUE,30);
INSERT INTO public.picture_client (piccode,picpath,picactive,picprofile,phacode) VALUES(103, 'clients_pictures/29/01.jpg',TRUE,TRUE,29);
INSERT INTO public.picture_client (piccode,picpath,picactive,picprofile,phacode) VALUES(104, 'clients_pictures/28/01.jpg',TRUE,TRUE,28);
INSERT INTO public.picture_client (piccode,picpath,picactive,picprofile,phacode) VALUES(105, 'clients_pictures/27/01.jpg',TRUE,TRUE,27);
INSERT INTO public.picture_client (piccode,picpath,picactive,picprofile,phacode) VALUES(106, 'clients_pictures/26/01.jpg',TRUE,TRUE,26);
INSERT INTO public.picture_client (piccode,picpath,picactive,picprofile,phacode) VALUES(107, 'clients_pictures/25/01.jpg',TRUE,TRUE,25);
INSERT INTO public.picture_client (piccode,picpath,picactive,picprofile,phacode) VALUES(108, 'clients_pictures/49/01.jpg',TRUE,TRUE,49);
INSERT INTO public.picture_client (piccode,picpath,picactive,picprofile,phacode) VALUES(109, 'clients_pictures/50/01.jpg',TRUE,TRUE,50);
INSERT INTO public.picture_client (piccode,picpath,picactive,picprofile,phacode) VALUES(110, 'clients_pictures/51/01.jpg',TRUE,TRUE,51);
INSERT INTO public.picture_client (piccode,picpath,picactive,picprofile,phacode) VALUES(111, 'clients_pictures/52/01.jpg',TRUE,TRUE,52);
INSERT INTO public.picture_client (piccode,picpath,picactive,picprofile,phacode) VALUES(112, 'clients_pictures/53/01.jpg',TRUE,TRUE,53);
INSERT INTO public.picture_client (piccode,picpath,picactive,picprofile,phacode) VALUES(113, 'clients_pictures/54/01.jpg',TRUE,TRUE,54);
INSERT INTO public.picture_client (piccode,picpath,picactive,picprofile,phacode) VALUES(114, 'clients_pictures/55/01.jpg',TRUE,TRUE,55);
INSERT INTO public.picture_client (piccode,picpath,picactive,picprofile,phacode) VALUES(115, 'clients_pictures/56/01.jpg',TRUE,TRUE,56);
INSERT INTO public.picture_client (piccode,picpath,picactive,picprofile,phacode) VALUES(116, 'clients_pictures/57/01.jpg',TRUE,TRUE,57);
INSERT INTO public.picture_client (piccode,picpath,picactive,picprofile,phacode) VALUES(117, 'clients_pictures/58/01.jpg',TRUE,TRUE,58);
INSERT INTO public.picture_client (piccode,picpath,picactive,picprofile,phacode) VALUES(118, 'clients_pictures/59/01.jpg',TRUE,TRUE,59);
INSERT INTO public.picture_client (piccode,picpath,picactive,picprofile,phacode) VALUES(119, 'clients_pictures/60/01.jpg',TRUE,TRUE,60);
INSERT INTO public.picture_client (piccode,picpath,picactive,picprofile,phacode) VALUES(120, 'clients_pictures/14/01.jpg',TRUE,TRUE,14);
INSERT INTO public.picture_client (piccode,picpath,picactive,picprofile,phacode) VALUES(121, 'clients_pictures/15/01.jpg',TRUE,TRUE,15);
INSERT INTO public.picture_client (piccode,picpath,picactive,picprofile,phacode) VALUES(122, 'clients_pictures/16/01.jpg',TRUE,TRUE,16);
INSERT INTO public.picture_client (piccode,picpath,picactive,picprofile,phacode) VALUES(123, 'clients_pictures/17/01.jpg',TRUE,TRUE,17);
INSERT INTO public.picture_client (piccode,picpath,picactive,picprofile,phacode) VALUES(124, 'clients_pictures/18/01.jpg',TRUE,TRUE,18);
INSERT INTO public.picture_client (piccode,picpath,picactive,picprofile,phacode) VALUES(125, 'clients_pictures/19/01.jpg',TRUE,TRUE,19);
INSERT INTO public.picture_client (piccode,picpath,picactive,picprofile,phacode) VALUES(126, 'clients_pictures/20/01.jpg',TRUE,TRUE,20);
INSERT INTO public.picture_client (piccode,picpath,picactive,picprofile,phacode) VALUES(127, 'clients_pictures/36/01.jpg',TRUE,TRUE,36);
INSERT INTO public.picture_client (piccode,picpath,picactive,picprofile,phacode) VALUES(128, 'clients_pictures/40/01.jpg',TRUE,TRUE,40);
INSERT INTO public.picture_client (piccode,picpath,picactive,picprofile,phacode) VALUES(129, 'clients_pictures/38/01.jpg',TRUE,TRUE,38);
INSERT INTO public.picture_client (piccode,picpath,picactive,picprofile,phacode) VALUES(130, 'clients_pictures/41/01.jpg',TRUE,TRUE,41);
INSERT INTO public.picture_client (piccode,picpath,picactive,picprofile,phacode) VALUES(131, 'clients_pictures/42/01.jpg',TRUE,TRUE,42);
INSERT INTO public.picture_client (piccode,picpath,picactive,picprofile,phacode) VALUES(132, 'clients_pictures/37/01.jpg',TRUE,TRUE,37);
INSERT INTO public.picture_client (piccode,picpath,picactive,picprofile,phacode) VALUES(133, 'clients_pictures/35/01.jpg',TRUE,TRUE,35);
INSERT INTO public.picture_client (piccode,picpath,picactive,picprofile,phacode) VALUES(134, 'clients_pictures/43/01.jpg',TRUE,TRUE,43);
INSERT INTO public.picture_client (piccode,picpath,picactive,picprofile,phacode) VALUES(135, 'clients_pictures/39/01.jpg',TRUE,TRUE,39);
INSERT INTO public.picture_client (piccode,picpath,picactive,picprofile,phacode) VALUES(136, 'clients_pictures/44/01.jpg',TRUE,TRUE,44);
INSERT INTO public.picture_client (piccode,picpath,picactive,picprofile,phacode) VALUES(137, 'clients_pictures/45/01.jpg',TRUE,TRUE,45);
INSERT INTO public.picture_client (piccode,picpath,picactive,picprofile,phacode) VALUES(138, 'clients_pictures/46/01.jpg',TRUE,TRUE,46);
INSERT INTO public.picture_client (piccode,picpath,picactive,picprofile,phacode) VALUES(139, 'clients_pictures/22/01.jpg',TRUE,TRUE,22);



INSERT INTO public.picture_client (piccode,picpath,picactive,picprofile,phacode) VALUES(140, 'clients_pictures/61_Nam/01.png',TRUE,TRUE,61);
INSERT INTO public.picture_client (piccode,picpath,picactive,picprofile,phacode) VALUES(141, 'clients_pictures/61_Nam/02.png',TRUE,FALSE,61);
INSERT INTO public.picture_client (piccode,picpath,picactive,picprofile,phacode) VALUES(142, 'clients_pictures/61_Nam/03.png',TRUE,FALSE,61);
INSERT INTO public.picture_client (piccode,picpath,picactive,picprofile,phacode) VALUES(143, 'clients_pictures/61_Nam/04.png',TRUE,FALSE,61);
INSERT INTO public.picture_client (piccode,picpath,picactive,picprofile,phacode) VALUES(144, 'clients_pictures/61_Nam/05.png',TRUE,FALSE,61);
INSERT INTO public.picture_client (piccode,picpath,picactive,picprofile,phacode) VALUES(145, 'clients_pictures/61_Nam/06.png',TRUE,FALSE,61);
INSERT INTO public.picture_client (piccode,picpath,picactive,picprofile,phacode) VALUES(146, 'clients_pictures/61_Nam/07.png',TRUE,FALSE,61);
INSERT INTO public.picture_client (piccode,picpath,picactive,picprofile,phacode) VALUES(147, 'clients_pictures/61_Nam/08.png',TRUE,FALSE,61);
INSERT INTO public.picture_client (piccode,picpath,picactive,picprofile,phacode) VALUES(148, 'clients_pictures/61_Nam/09.png',TRUE,FALSE,61);
INSERT INTO public.picture_client (piccode,picpath,picactive,picprofile,phacode) VALUES(149, 'clients_pictures/61_Nam/10.png',TRUE,FALSE,61);
INSERT INTO public.picture_client (piccode,picpath,picactive,picprofile,phacode) VALUES(150, 'clients_pictures/61_Nam/11.png',TRUE,FALSE,61);
INSERT INTO public.picture_client (piccode,picpath,picactive,picprofile,phacode) VALUES(151, 'clients_pictures/61_Nam/12.png',TRUE,FALSE,61);
INSERT INTO public.picture_client (piccode,picpath,picactive,picprofile,phacode) VALUES(152, 'clients_pictures/61_Nam/13.png',TRUE,FALSE,61);
INSERT INTO public.picture_client (piccode,picpath,picactive,picprofile,phacode) VALUES(153, 'clients_pictures/61_Nam/14.png',TRUE,FALSE,78);
INSERT INTO public.picture_client (piccode,picpath,picactive,picprofile,phacode) VALUES(154, 'clients_pictures/61_Nam/15.png',TRUE,FALSE,78);
INSERT INTO public.picture_client (piccode,picpath,picactive,picprofile,phacode) VALUES(155, 'clients_pictures/61_Nam/16.png',TRUE,FALSE,78);
INSERT INTO public.picture_client (piccode,picpath,picactive,picprofile,phacode) VALUES(156, 'clients_pictures/61_Nam/17.png',TRUE,FALSE,78);
INSERT INTO public.picture_client (piccode,picpath,picactive,picprofile,phacode) VALUES(157, 'clients_pictures/61_Nam/18.png',TRUE,FALSE,78);
INSERT INTO public.picture_client (piccode,picpath,picactive,picprofile,phacode) VALUES(158, 'clients_pictures/61_Nam/19.png',TRUE,FALSE,78);
INSERT INTO public.picture_client (piccode,picpath,picactive,picprofile,phacode) VALUES(159, 'clients_pictures/61_Nam/20.png',TRUE,FALSE,78);
INSERT INTO public.picture_client (piccode,picpath,picactive,picprofile,phacode) VALUES(160, 'clients_pictures/61_Nam/21.png',TRUE,FALSE,78);
INSERT INTO public.picture_client (piccode,picpath,picactive,picprofile,phacode) VALUES(161, 'clients_pictures/61_Nam/22.png',TRUE,FALSE,78);
INSERT INTO public.picture_client (piccode,picpath,picactive,picprofile,phacode) VALUES(162, 'clients_pictures/61_Nam/23.png',TRUE,FALSE,78);
INSERT INTO public.picture_client (piccode,picpath,picactive,picprofile,phacode) VALUES(163, 'clients_pictures/61_Nam/24.png',TRUE,FALSE,78);
INSERT INTO public.picture_client (piccode,picpath,picactive,picprofile,phacode) VALUES(164, 'clients_pictures/61_Nam/25.png',TRUE,FALSE,84);
INSERT INTO public.picture_client (piccode,picpath,picactive,picprofile,phacode) VALUES(165, 'clients_pictures/61_Nam/26.png',TRUE,FALSE,84);
INSERT INTO public.picture_client (piccode,picpath,picactive,picprofile,phacode) VALUES(166, 'clients_pictures/61_Nam/27.png',TRUE,FALSE,84);
INSERT INTO public.picture_client (piccode,picpath,picactive,picprofile,phacode) VALUES(167, 'clients_pictures/61_Nam/28.png',TRUE,FALSE,84);
INSERT INTO public.picture_client (piccode,picpath,picactive,picprofile,phacode) VALUES(168, 'clients_pictures/61_Nam/29.png',TRUE,FALSE,84);
INSERT INTO public.picture_client (piccode,picpath,picactive,picprofile,phacode) VALUES(169, 'clients_pictures/61_Nam/30.png',TRUE,FALSE,84);
INSERT INTO public.picture_client (piccode,picpath,picactive,picprofile,phacode) VALUES(170, 'clients_pictures/61_Nam/31.png',TRUE,FALSE,84);
INSERT INTO public.picture_client (piccode,picpath,picactive,picprofile,phacode) VALUES(171, 'clients_pictures/61_Nam/32.png',TRUE,FALSE,84);
INSERT INTO public.picture_client (piccode,picpath,picactive,picprofile,phacode) VALUES(172, 'clients_pictures/61_Nam/33.png',TRUE,FALSE,84);
INSERT INTO public.picture_client (piccode,picpath,picactive,picprofile,phacode) VALUES(173, 'clients_pictures/61_Nam/34.png',TRUE,FALSE,85);
INSERT INTO public.picture_client (piccode,picpath,picactive,picprofile,phacode) VALUES(174, 'clients_pictures/61_Nam/35.png',TRUE,FALSE,85);
INSERT INTO public.picture_client (piccode,picpath,picactive,picprofile,phacode) VALUES(175, 'clients_pictures/61_Nam/36.png',TRUE,FALSE,85);
INSERT INTO public.picture_client (piccode,picpath,picactive,picprofile,phacode) VALUES(176, 'clients_pictures/61_Nam/37.png',TRUE,FALSE,85);
INSERT INTO public.picture_client (piccode,picpath,picactive,picprofile,phacode) VALUES(177, 'clients_pictures/61_Nam/38.png',TRUE,FALSE,85);
INSERT INTO public.picture_client (piccode,picpath,picactive,picprofile,phacode) VALUES(178, 'clients_pictures/61_Nam/39.png',TRUE,FALSE,85);
INSERT INTO public.picture_client (piccode,picpath,picactive,picprofile,phacode) VALUES(179, 'clients_pictures/61_Nam/40.png',TRUE,FALSE,85);
INSERT INTO public.picture_client (piccode,picpath,picactive,picprofile,phacode) VALUES(180, 'clients_pictures/61_Nam/41.png',TRUE,FALSE,85);


INSERT INTO public.picture_client (piccode,picpath,picactive,picprofile,phacode) VALUES(181, 'clients_pictures/62_Bora/01.png',TRUE,TRUE,62);
INSERT INTO public.picture_client (piccode,picpath,picactive,picprofile,phacode) VALUES(182, 'clients_pictures/62_Bora/02.png',TRUE,FALSE,62);
INSERT INTO public.picture_client (piccode,picpath,picactive,picprofile,phacode) VALUES(183, 'clients_pictures/62_Bora/03.png',TRUE,FALSE,62);
INSERT INTO public.picture_client (piccode,picpath,picactive,picprofile,phacode) VALUES(184, 'clients_pictures/62_Bora/04.png',TRUE,FALSE,62);
INSERT INTO public.picture_client (piccode,picpath,picactive,picprofile,phacode) VALUES(185, 'clients_pictures/62_Bora/05.png',TRUE,FALSE,62);
INSERT INTO public.picture_client (piccode,picpath,picactive,picprofile,phacode) VALUES(186, 'clients_pictures/62_Bora/06.png',TRUE,FALSE,62);
INSERT INTO public.picture_client (piccode,picpath,picactive,picprofile,phacode) VALUES(187, 'clients_pictures/62_Bora/07.png',TRUE,FALSE,62);
INSERT INTO public.picture_client (piccode,picpath,picactive,picprofile,phacode) VALUES(188, 'clients_pictures/62_Bora/08.png',TRUE,FALSE,62);
INSERT INTO public.picture_client (piccode,picpath,picactive,picprofile,phacode) VALUES(189, 'clients_pictures/62_Bora/09.png',TRUE,FALSE,62);
INSERT INTO public.picture_client (piccode,picpath,picactive,picprofile,phacode) VALUES(190, 'clients_pictures/62_Bora/10.png',TRUE,FALSE,62);
INSERT INTO public.picture_client (piccode,picpath,picactive,picprofile,phacode) VALUES(191, 'clients_pictures/62_Bora/11.png',TRUE,FALSE,62);
INSERT INTO public.picture_client (piccode,picpath,picactive,picprofile,phacode) VALUES(192, 'clients_pictures/62_Bora/12.png',TRUE,FALSE,62);
INSERT INTO public.picture_client (piccode,picpath,picactive,picprofile,phacode) VALUES(193, 'clients_pictures/62_Bora/13.png',TRUE,FALSE,79);
INSERT INTO public.picture_client (piccode,picpath,picactive,picprofile,phacode) VALUES(194, 'clients_pictures/62_Bora/14.png',TRUE,FALSE,79);

INSERT INTO public.picture_client (piccode,picpath,picactive,picprofile,phacode) VALUES(195, 'clients_pictures/63_Hyorin/01.png',TRUE,TRUE,63);
INSERT INTO public.picture_client (piccode,picpath,picactive,picprofile,phacode) VALUES(196, 'clients_pictures/63_Hyorin/02.png',TRUE,FALSE,63);
INSERT INTO public.picture_client (piccode,picpath,picactive,picprofile,phacode) VALUES(197, 'clients_pictures/63_Hyorin/03.png',TRUE,FALSE,63);
INSERT INTO public.picture_client (piccode,picpath,picactive,picprofile,phacode) VALUES(198, 'clients_pictures/63_Hyorin/04.png',TRUE,FALSE,63);
INSERT INTO public.picture_client (piccode,picpath,picactive,picprofile,phacode) VALUES(199, 'clients_pictures/63_Hyorin/05.png',TRUE,FALSE,63);
INSERT INTO public.picture_client (piccode,picpath,picactive,picprofile,phacode) VALUES(200, 'clients_pictures/63_Hyorin/06.png',TRUE,FALSE,63);
INSERT INTO public.picture_client (piccode,picpath,picactive,picprofile,phacode) VALUES(201, 'clients_pictures/63_Hyorin/07.png',TRUE,FALSE,80);
INSERT INTO public.picture_client (piccode,picpath,picactive,picprofile,phacode) VALUES(202, 'clients_pictures/63_Hyorin/08.png',TRUE,FALSE,80);


INSERT INTO public.picture_client (piccode,picpath,picactive,picprofile,phacode) VALUES(203, 'clients_pictures/64_Irene/01.png',TRUE,TRUE,64);
INSERT INTO public.picture_client (piccode,picpath,picactive,picprofile,phacode) VALUES(204, 'clients_pictures/64_Irene/02.png',TRUE,FALSE,64);
INSERT INTO public.picture_client (piccode,picpath,picactive,picprofile,phacode) VALUES(205, 'clients_pictures/64_Irene/03.png',TRUE,FALSE,64);
INSERT INTO public.picture_client (piccode,picpath,picactive,picprofile,phacode) VALUES(206, 'clients_pictures/64_Irene/04.png',TRUE,FALSE,64);
INSERT INTO public.picture_client (piccode,picpath,picactive,picprofile,phacode) VALUES(207, 'clients_pictures/64_Irene/05.png',TRUE,FALSE,64);
INSERT INTO public.picture_client (piccode,picpath,picactive,picprofile,phacode) VALUES(208, 'clients_pictures/64_Irene/06.png',TRUE,FALSE,64);
INSERT INTO public.picture_client (piccode,picpath,picactive,picprofile,phacode) VALUES(209, 'clients_pictures/64_Irene/07.png',TRUE,FALSE,64);
INSERT INTO public.picture_client (piccode,picpath,picactive,picprofile,phacode) VALUES(210, 'clients_pictures/64_Irene/08.png',TRUE,FALSE,64);
INSERT INTO public.picture_client (piccode,picpath,picactive,picprofile,phacode) VALUES(211, 'clients_pictures/64_Irene/09.png',TRUE,FALSE,64);
INSERT INTO public.picture_client (piccode,picpath,picactive,picprofile,phacode) VALUES(212, 'clients_pictures/64_Irene/10.png',TRUE,FALSE,64);
INSERT INTO public.picture_client (piccode,picpath,picactive,picprofile,phacode) VALUES(213, 'clients_pictures/64_Irene/11.png',TRUE,FALSE,81);
INSERT INTO public.picture_client (piccode,picpath,picactive,picprofile,phacode) VALUES(214, 'clients_pictures/64_Irene/12.png',TRUE,FALSE,81);
INSERT INTO public.picture_client (piccode,picpath,picactive,picprofile,phacode) VALUES(215, 'clients_pictures/64_Irene/13.png',TRUE,FALSE,81);

INSERT INTO public.picture_client (piccode,picpath,picactive,picprofile,phacode) VALUES(216, 'clients_pictures/65_Kira/01.png',TRUE,TRUE,65);
INSERT INTO public.picture_client (piccode,picpath,picactive,picprofile,phacode) VALUES(217, 'clients_pictures/65_Kira/02.png',TRUE,FALSE,65);
INSERT INTO public.picture_client (piccode,picpath,picactive,picprofile,phacode) VALUES(218, 'clients_pictures/65_Kira/03.png',TRUE,FALSE,65);
INSERT INTO public.picture_client (piccode,picpath,picactive,picprofile,phacode) VALUES(219, 'clients_pictures/65_Kira/04.png',TRUE,FALSE,65);
INSERT INTO public.picture_client (piccode,picpath,picactive,picprofile,phacode) VALUES(220, 'clients_pictures/65_Kira/05.png',TRUE,FALSE,65);
INSERT INTO public.picture_client (piccode,picpath,picactive,picprofile,phacode) VALUES(221, 'clients_pictures/65_Kira/06.png',TRUE,FALSE,65);
INSERT INTO public.picture_client (piccode,picpath,picactive,picprofile,phacode) VALUES(222, 'clients_pictures/65_Kira/07.png',TRUE,FALSE,65);
INSERT INTO public.picture_client (piccode,picpath,picactive,picprofile,phacode) VALUES(223, 'clients_pictures/65_Kira/08.png',TRUE,FALSE,65);
INSERT INTO public.picture_client (piccode,picpath,picactive,picprofile,phacode) VALUES(224, 'clients_pictures/65_Kira/09.png',TRUE,FALSE,65);
INSERT INTO public.picture_client (piccode,picpath,picactive,picprofile,phacode) VALUES(225, 'clients_pictures/65_Kira/10.png',TRUE,FALSE,65);
INSERT INTO public.picture_client (piccode,picpath,picactive,picprofile,phacode) VALUES(226, 'clients_pictures/65_Kira/11.png',TRUE,FALSE,82);
INSERT INTO public.picture_client (piccode,picpath,picactive,picprofile,phacode) VALUES(227, 'clients_pictures/65_Kira/12.png',TRUE,FALSE,82);
INSERT INTO public.picture_client (piccode,picpath,picactive,picprofile,phacode) VALUES(228, 'clients_pictures/65_Kira/13.png',TRUE,FALSE,82);
INSERT INTO public.picture_client (piccode,picpath,picactive,picprofile,phacode) VALUES(229, 'clients_pictures/65_Kira/14.png',TRUE,FALSE,82);


INSERT INTO public.picture_client (piccode,picpath,picactive,picprofile,phacode) VALUES(230, 'clients_pictures/66_Lisa/01.png',TRUE,TRUE,66);
INSERT INTO public.picture_client (piccode,picpath,picactive,picprofile,phacode) VALUES(231, 'clients_pictures/66_Lisa/02.png',TRUE,FALSE,66);
INSERT INTO public.picture_client (piccode,picpath,picactive,picprofile,phacode) VALUES(232, 'clients_pictures/66_Lisa/03.png',TRUE,FALSE,66);
INSERT INTO public.picture_client (piccode,picpath,picactive,picprofile,phacode) VALUES(233, 'clients_pictures/66_Lisa/04.png',TRUE,FALSE,66);
INSERT INTO public.picture_client (piccode,picpath,picactive,picprofile,phacode) VALUES(234, 'clients_pictures/66_Lisa/05.png',TRUE,FALSE,66);
INSERT INTO public.picture_client (piccode,picpath,picactive,picprofile,phacode) VALUES(235, 'clients_pictures/66_Lisa/06.png',TRUE,FALSE,66);
INSERT INTO public.picture_client (piccode,picpath,picactive,picprofile,phacode) VALUES(236, 'clients_pictures/66_Lisa/07.png',TRUE,FALSE,66);


INSERT INTO public.picture_client (piccode,picpath,picactive,picprofile,phacode) VALUES(237, 'clients_pictures/67_Lulu/01.png',TRUE,TRUE,67);
INSERT INTO public.picture_client (piccode,picpath,picactive,picprofile,phacode) VALUES(238, 'clients_pictures/67_Lulu/02.png',TRUE,FALSE,67);
INSERT INTO public.picture_client (piccode,picpath,picactive,picprofile,phacode) VALUES(239, 'clients_pictures/67_Lulu/03.png',TRUE,FALSE,67);
INSERT INTO public.picture_client (piccode,picpath,picactive,picprofile,phacode) VALUES(240, 'clients_pictures/67_Lulu/04.png',TRUE,FALSE,67);
INSERT INTO public.picture_client (piccode,picpath,picactive,picprofile,phacode) VALUES(241, 'clients_pictures/67_Lulu/05.png',TRUE,FALSE,67);
INSERT INTO public.picture_client (piccode,picpath,picactive,picprofile,phacode) VALUES(242, 'clients_pictures/67_Lulu/06.png',TRUE,FALSE,67);
INSERT INTO public.picture_client (piccode,picpath,picactive,picprofile,phacode) VALUES(243, 'clients_pictures/67_Lulu/07.png',TRUE,FALSE,67);
INSERT INTO public.picture_client (piccode,picpath,picactive,picprofile,phacode) VALUES(244, 'clients_pictures/67_Lulu/08.png',TRUE,FALSE,67);
INSERT INTO public.picture_client (piccode,picpath,picactive,picprofile,phacode) VALUES(245, 'clients_pictures/67_Lulu/09.png',TRUE,FALSE,67);
INSERT INTO public.picture_client (piccode,picpath,picactive,picprofile,phacode) VALUES(246, 'clients_pictures/67_Lulu/10.png',TRUE,FALSE,67);


INSERT INTO public.picture_client (piccode,picpath,picactive,picprofile,phacode) VALUES(247, 'clients_pictures/68_Samantha/01.png',TRUE,TRUE,68);
INSERT INTO public.picture_client (piccode,picpath,picactive,picprofile,phacode) VALUES(248, 'clients_pictures/68_Samantha/02.png',TRUE,FALSE,68);
INSERT INTO public.picture_client (piccode,picpath,picactive,picprofile,phacode) VALUES(249, 'clients_pictures/68_Samantha/03.png',TRUE,FALSE,68);
INSERT INTO public.picture_client (piccode,picpath,picactive,picprofile,phacode) VALUES(250, 'clients_pictures/68_Samantha/04.png',TRUE,FALSE,68);


INSERT INTO public.picture_client (piccode,picpath,picactive,picprofile,phacode) VALUES(251, 'clients_pictures/69_Taeyeon/01.png',TRUE,TRUE,69);
INSERT INTO public.picture_client (piccode,picpath,picactive,picprofile,phacode) VALUES(252, 'clients_pictures/69_Taeyeon/02.png',TRUE,FALSE,69);
INSERT INTO public.picture_client (piccode,picpath,picactive,picprofile,phacode) VALUES(253, 'clients_pictures/69_Taeyeon/03.png',TRUE,FALSE,69);
INSERT INTO public.picture_client (piccode,picpath,picactive,picprofile,phacode) VALUES(254, 'clients_pictures/69_Taeyeon/04.png',TRUE,FALSE,69);
INSERT INTO public.picture_client (piccode,picpath,picactive,picprofile,phacode) VALUES(255, 'clients_pictures/69_Taeyeon/05.png',TRUE,FALSE,69);
INSERT INTO public.picture_client (piccode,picpath,picactive,picprofile,phacode) VALUES(256, 'clients_pictures/69_Taeyeon/06.png',TRUE,FALSE,69);
INSERT INTO public.picture_client (piccode,picpath,picactive,picprofile,phacode) VALUES(257, 'clients_pictures/69_Taeyeon/07.png',TRUE,FALSE,69);
INSERT INTO public.picture_client (piccode,picpath,picactive,picprofile,phacode) VALUES(258, 'clients_pictures/69_Taeyeon/08.png',TRUE,FALSE,69);
INSERT INTO public.picture_client (piccode,picpath,picactive,picprofile,phacode) VALUES(259, 'clients_pictures/69_Taeyeon/09.png',TRUE,FALSE,69);
INSERT INTO public.picture_client (piccode,picpath,picactive,picprofile,phacode) VALUES(260, 'clients_pictures/69_Taeyeon/10.png',TRUE,FALSE,69);

INSERT INTO public.picture_client (piccode,picpath,picactive,picprofile,phacode) VALUES(261, 'clients_pictures/71_Emma/01.png',TRUE,TRUE,71);
INSERT INTO public.picture_client (piccode,picpath,picactive,picprofile,phacode) VALUES(262, 'clients_pictures/71_Emma/02.png',TRUE,FALSE,71);
INSERT INTO public.picture_client (piccode,picpath,picactive,picprofile,phacode) VALUES(263, 'clients_pictures/71_Emma/03.png',TRUE,FALSE,71);
INSERT INTO public.picture_client (piccode,picpath,picactive,picprofile,phacode) VALUES(264, 'clients_pictures/71_Emma/04.png',TRUE,FALSE,71);
INSERT INTO public.picture_client (piccode,picpath,picactive,picprofile,phacode) VALUES(265, 'clients_pictures/71_Emma/05.png',TRUE,FALSE,71);
INSERT INTO public.picture_client (piccode,picpath,picactive,picprofile,phacode) VALUES(266, 'clients_pictures/71_Emma/06.png',TRUE,FALSE,71);
INSERT INTO public.picture_client (piccode,picpath,picactive,picprofile,phacode) VALUES(267, 'clients_pictures/71_Emma/07.png',TRUE,FALSE,71);
INSERT INTO public.picture_client (piccode,picpath,picactive,picprofile,phacode) VALUES(268, 'clients_pictures/71_Emma/08.png',TRUE,FALSE,71);
INSERT INTO public.picture_client (piccode,picpath,picactive,picprofile,phacode) VALUES(269, 'clients_pictures/71_Emma/09.png',TRUE,FALSE,71);

INSERT INTO public.picture_client (piccode,picpath,picactive,picprofile,phacode) VALUES(270, 'clients_pictures/72_Zaira/01.png',TRUE,TRUE,72);
INSERT INTO public.picture_client (piccode,picpath,picactive,picprofile,phacode) VALUES(271, 'clients_pictures/72_Zaira/02.png',TRUE,FALSE,72);
INSERT INTO public.picture_client (piccode,picpath,picactive,picprofile,phacode) VALUES(272, 'clients_pictures/72_Zaira/03.png',TRUE,FALSE,72);
INSERT INTO public.picture_client (piccode,picpath,picactive,picprofile,phacode) VALUES(273, 'clients_pictures/72_Zaira/04.png',TRUE,FALSE,72);
INSERT INTO public.picture_client (piccode,picpath,picactive,picprofile,phacode) VALUES(274, 'clients_pictures/72_Zaira/05.png',TRUE,FALSE,72);


INSERT INTO public.picture_client (piccode,picpath,picactive,picprofile,phacode) VALUES(275, 'clients_pictures/73_Avril/01.png',TRUE,TRUE,73);
INSERT INTO public.picture_client (piccode,picpath,picactive,picprofile,phacode) VALUES(276, 'clients_pictures/73_Avril/02.png',TRUE,FALSE,73);
INSERT INTO public.picture_client (piccode,picpath,picactive,picprofile,phacode) VALUES(277, 'clients_pictures/73_Avril/03.png',TRUE,FALSE,73);
INSERT INTO public.picture_client (piccode,picpath,picactive,picprofile,phacode) VALUES(278, 'clients_pictures/73_Avril/04.png',TRUE,FALSE,73);
INSERT INTO public.picture_client (piccode,picpath,picactive,picprofile,phacode) VALUES(279, 'clients_pictures/73_Avril/05.png',TRUE,FALSE,73);
INSERT INTO public.picture_client (piccode,picpath,picactive,picprofile,phacode) VALUES(280, 'clients_pictures/73_Avril/06.png',TRUE,FALSE,73);


INSERT INTO public.picture_client (piccode,picpath,picactive,picprofile,phacode) VALUES(281, 'clients_pictures/74_Marce/01.png',TRUE,TRUE,74);
INSERT INTO public.picture_client (piccode,picpath,picactive,picprofile,phacode) VALUES(282, 'clients_pictures/74_Marce/02.png',TRUE,FALSE,74);
INSERT INTO public.picture_client (piccode,picpath,picactive,picprofile,phacode) VALUES(283, 'clients_pictures/74_Marce/03.png',TRUE,FALSE,74);
INSERT INTO public.picture_client (piccode,picpath,picactive,picprofile,phacode) VALUES(284, 'clients_pictures/74_Marce/04.png',TRUE,FALSE,74);
INSERT INTO public.picture_client (piccode,picpath,picactive,picprofile,phacode) VALUES(285, 'clients_pictures/74_Marce/05.png',TRUE,FALSE,74);

INSERT INTO public.picture_client (piccode,picpath,picactive,picprofile,phacode) VALUES(286, 'clients_pictures/75_Ara/01.png',TRUE,TRUE,75);
INSERT INTO public.picture_client (piccode,picpath,picactive,picprofile,phacode) VALUES(287, 'clients_pictures/75_Ara/02.png',TRUE,FALSE,75);
INSERT INTO public.picture_client (piccode,picpath,picactive,picprofile,phacode) VALUES(288, 'clients_pictures/75_Ara/03.png',TRUE,FALSE,75);


INSERT INTO public.picture_client (piccode,picpath,picactive,picprofile,phacode) VALUES(289, 'clients_pictures/76_July/01.png',TRUE,TRUE,76);


INSERT INTO public.picture_client (piccode,picpath,picactive,picprofile,phacode) VALUES(290, 'clients_pictures/77_Brenda/01.png',TRUE,TRUE,77);
INSERT INTO public.picture_client (piccode,picpath,picactive,picprofile,phacode) VALUES(291, 'clients_pictures/77_Brenda/02.png',TRUE,FALSE,77);
INSERT INTO public.picture_client (piccode,picpath,picactive,picprofile,phacode) VALUES(292, 'clients_pictures/77_Brenda/03.png',TRUE,FALSE,77);
INSERT INTO public.picture_client (piccode,picpath,picactive,picprofile,phacode) VALUES(293, 'clients_pictures/77_Brenda/04.png',TRUE,FALSE,77);
INSERT INTO public.picture_client (piccode,picpath,picactive,picprofile,phacode) VALUES(294, 'clients_pictures/77_Brenda/05.png',TRUE,FALSE,77);
INSERT INTO public.picture_client (piccode,picpath,picactive,picprofile,phacode) VALUES(295, 'clients_pictures/77_Brenda/06.png',TRUE,FALSE,77);
INSERT INTO public.picture_client (piccode,picpath,picactive,picprofile,phacode) VALUES(296, 'clients_pictures/77_Brenda/07.png',TRUE,FALSE,77);


--FEELINGS
INSERT INTO public.feeling(feecode,feedescription,feeiconfile,feeactive) VALUES(1,'Romantic','feelings/romantic.png',true);
INSERT INTO public.feeling(feecode,feedescription,feeiconfile,feeactive) VALUES(2,'In love','feelings/inlove.png',true);
INSERT INTO public.feeling(feecode,feedescription,feeiconfile,feeactive) VALUES(3,'Lucky','feelings/lucky.png',true);
INSERT INTO public.feeling(feecode,feedescription,feeiconfile,feeactive) VALUES(4,'Hot','feelings/hot.png',true);
INSERT INTO public.feeling(feecode,feedescription,feeiconfile,feeactive) VALUES(5,'Sexy','feelings/sexy.png',true);

--INCOME
INSERT INTO public.income(inccode, incmin,incmax) VALUES (1, 300,500);
INSERT INTO public.income(inccode, incmin,incmax) VALUES (2, 501,1000);
INSERT INTO public.income(inccode, incmin,incmax) VALUES (3, 1001,1500);
INSERT INTO public.income(inccode, incmin,incmax) VALUES (4, 1501,2000);
INSERT INTO public.income(inccode, incmin,incmax) VALUES (5, 2001,2500);
INSERT INTO public.income(inccode, incmin,incmax) VALUES (6, 2501,3000);
INSERT INTO public.income(inccode, incmin,incmax) VALUES (7, 3001,3500);
INSERT INTO public.income(inccode, incmin,incmax) VALUES (8, 3501,4000);
INSERT INTO public.income(inccode, incmin,incmax) VALUES (9, 4001,4500);

-- SERVICE

INSERT INTO public.service (sercode,sername,seractive) VALUES(1,'CHAT',true);
INSERT INTO public.service (sercode,sername,seractive) VALUES(2,'MAIL',true);
INSERT INTO public.service (sercode,sername,seractive) VALUES(3,'VIDEOCAM',true);
INSERT INTO public.service (sercode,sername,seractive) VALUES(4,'PHOTOS',true);

--SUBSERVICES
INSERT INTO public.subservice (suscode,susdescription,susquantitycredit,susactive,sercode) VALUES (1,'Send/recieve chat messages',1,true,1);
INSERT INTO public.subservice (suscode,susdescription,susquantitycredit,susactive,sercode) VALUES (2,'Send sticker',3,true,1);
INSERT INTO public.subservice (suscode,susdescription,susquantitycredit,susactive,sercode) VALUES (3,'View file',4,true,1);
INSERT INTO public.subservice (suscode,susdescription,susquantitycredit,susactive,sercode) VALUES (4,'View private album',10,true,4);
INSERT INTO public.subservice (suscode,susdescription,susquantitycredit,susactive,sercode) VALUES (5,'Send/recieve emails',10,true,2);
INSERT INTO public.subservice (suscode,susdescription,susquantitycredit,susactive,sercode) VALUES (6,'Send/recieve photos',15,true,2);

--PAYPLANS
INSERT INTO public.payplan (paycode,payname,paycredits,payprice,payunitprice) VALUES (1,'PLAN 1',100,100,1);
INSERT INTO public.payplan (paycode,payname,paycredits,payprice,payunitprice) VALUES (2,'PLAN 2',500,250,0.5);
INSERT INTO public.payplan (paycode,payname,paycredits,payprice,payunitprice) VALUES (3,'PLAN 3',1000,300,0.3);

--PURCHASE
INSERT INTO public.purchase (purcode,purcredit,purdate,purstatus,purobservation,purbalance,clicode,paycode) VALUES (1,100,'2016-11-13 15:00:32','ACTIVO',NULL,100,12,1);
INSERT INTO public.purchase (purcode,purcredit,purdate,purstatus,purobservation,purbalance,clicode,paycode) VALUES (2,500,'2016-11-13 15:00:32','ACTIVO',NULL,500,13,2);
INSERT INTO public.purchase (purcode,purcredit,purdate,purstatus,purobservation,purbalance,clicode,paycode) VALUES (3,100,'2016-11-13 15:00:32','ACTIVO',NULL,100,14,1);
INSERT INTO public.purchase (purcode,purcredit,purdate,purstatus,purobservation,purbalance,clicode,paycode) VALUES (4,100,'2016-11-13 15:00:32','ACTIVO',NULL,100,15,1);
INSERT INTO public.purchase (purcode,purcredit,purdate,purstatus,purobservation,purbalance,clicode,paycode) VALUES (5,500,'2016-11-13 15:00:32','ACTIVO',NULL,500,16,2);

--RECORD
INSERT INTO public.record(reccode,recdate,reccredit,recdebit,clicodemain,clicodesecondary,purcode,roocode,suscode) VALUES (1,'2016-11-13 15:00:32',100,NULL,12,NULL,1,NULL,NULL);
INSERT INTO public.record(reccode,recdate,reccredit,recdebit,clicodemain,clicodesecondary,purcode,roocode,suscode) VALUES (2,'2016-11-13 15:00:32',500,NULL,13,NULL,2,NULL,NULL);
INSERT INTO public.record(reccode,recdate,reccredit,recdebit,clicodemain,clicodesecondary,purcode,roocode,suscode) VALUES (3,'2016-11-13 15:00:32',100,NULL,14,NULL,3,NULL,NULL);
INSERT INTO public.record(reccode,recdate,reccredit,recdebit,clicodemain,clicodesecondary,purcode,roocode,suscode) VALUES (4,'2016-11-13 15:00:32',100,NULL,15,NULL,4,NULL,NULL);
INSERT INTO public.record(reccode,recdate,reccredit,recdebit,clicodemain,clicodesecondary,purcode,roocode,suscode) VALUES (5,'2016-11-13 15:00:32',500,NULL,16,NULL,5,NULL,NULL);

--NOTIFICATION TYPE
INSERT INTO public.notificationtype(ntycode,ntyname,ntydescription,ntyactive) VALUES (1,'view','view your profile',TRUE);

--- Languages
INSERT INTO public.language(lancode, lanname) VALUES (1, 'English');
INSERT INTO public.language(lancode, lanname) VALUES (2, 'Spanish');
INSERT INTO public.language(lancode, lanname) VALUES (3, 'Portuguese');
INSERT INTO public.language(lancode, lanname) VALUES (4, 'French');
INSERT INTO public.language(lancode, lanname) VALUES (5, 'German');
INSERT INTO public.language(lancode, lanname) VALUES (6, 'Italian');
INSERT INTO public.language(lancode, lanname) VALUES (7, 'Japanese');
INSERT INTO public.language(lancode, lanname) VALUES (8, 'Korean');
INSERT INTO public.language(lancode, lanname) VALUES (9, 'Mandarin');
INSERT INTO public.language(lancode, lanname) VALUES (10, 'Russian');
INSERT INTO public.language(lancode, lanname) VALUES (11, 'Arabic');
INSERT INTO public.language(lancode, lanname) VALUES (12, 'Thai');
INSERT INTO public.language(lancode, lanname) VALUES (13, 'Turkish');
INSERT INTO public.language(lancode, lanname) VALUES (14, 'Vietnamese');

--- EDUCATION
INSERT INTO public.education(educode, edudescription, eduactive) VALUES (1, 'Preschool', TRUE);
INSERT INTO public.education(educode, edudescription, eduactive) VALUES (2, 'Elementary school', TRUE);
INSERT INTO public.education(educode, edudescription, eduactive) VALUES (3, 'Primary school', TRUE);
INSERT INTO public.education(educode, edudescription, eduactive) VALUES (4, 'Middle school', TRUE);
INSERT INTO public.education(educode, edudescription, eduactive) VALUES (5, 'Secondary school', TRUE);
INSERT INTO public.education(educode, edudescription, eduactive) VALUES (6, 'High school', TRUE);
INSERT INTO public.education(educode, edudescription, eduactive) VALUES (7, 'College', TRUE);
INSERT INTO public.education(educode, edudescription, eduactive) VALUES (8, 'University', TRUE);
INSERT INTO public.education(educode, edudescription, eduactive) VALUES (9, 'Profesional', TRUE);
INSERT INTO public.education(educode, edudescription, eduactive) VALUES (10, 'Postgraduate', TRUE);

--- OCUPATION

INSERT INTO public.occupation(ocucode, ocudescription, ocuactive) VALUES (1, 'Accommodation and Hospitality Managers nec', TRUE);
INSERT INTO public.occupation(ocucode, ocudescription, ocuactive) VALUES (2, 'Accountant (General)', TRUE);
INSERT INTO public.occupation(ocucode, ocudescription, ocuactive) VALUES (3, 'Actor', TRUE);
INSERT INTO public.occupation(ocucode, ocudescription, ocuactive) VALUES (4, 'Actors, Dancers and Other Entertainers nec', TRUE);
INSERT INTO public.occupation(ocucode, ocudescription, ocuactive) VALUES (5, 'Actuary', TRUE);
INSERT INTO public.occupation(ocucode, ocudescription, ocuactive) VALUES (6, 'Acupuncturist', TRUE);
INSERT INTO public.occupation(ocucode, ocudescription, ocuactive) VALUES (7, 'Advertising Manager', TRUE);
INSERT INTO public.occupation(ocucode, ocudescription, ocuactive) VALUES (8, 'Advertising Specialist', TRUE);
INSERT INTO public.occupation(ocucode, ocudescription, ocuactive) VALUES (9, 'Aeronautical Engineer', TRUE);
INSERT INTO public.occupation(ocucode, ocudescription, ocuactive) VALUES (10, 'Aeroplane Pilot', TRUE);
INSERT INTO public.occupation(ocucode, ocudescription, ocuactive) VALUES (11, 'Agricultural Consultant', TRUE);
INSERT INTO public.occupation(ocucode, ocudescription, ocuactive) VALUES (12, 'Agricultural Engineer', TRUE);
INSERT INTO public.occupation(ocucode, ocudescription, ocuactive) VALUES (13, 'Agricultural Scientist', TRUE);
INSERT INTO public.occupation(ocucode, ocudescription, ocuactive) VALUES (14, 'Agricultural Technician', TRUE);
INSERT INTO public.occupation(ocucode, ocudescription, ocuactive) VALUES (15, 'Air Traffic Controller', TRUE);
INSERT INTO public.occupation(ocucode, ocudescription, ocuactive) VALUES (16, 'Air Transport Professionals nec', TRUE);
INSERT INTO public.occupation(ocucode, ocudescription, ocuactive) VALUES (17, 'Airconditioning and Mechanical Services Plumber', TRUE);
INSERT INTO public.occupation(ocucode, ocudescription, ocuactive) VALUES (18, 'Airconditioning and Refrigeration Mechanic', TRUE);
INSERT INTO public.occupation(ocucode, ocudescription, ocuactive) VALUES (19, 'Aircraft Maintenance Engineer (Avionics)', TRUE);
INSERT INTO public.occupation(ocucode, ocudescription, ocuactive) VALUES (20, 'Aircraft Maintenance Engineer (Mechanical)', TRUE);
INSERT INTO public.occupation(ocucode, ocudescription, ocuactive) VALUES (21, 'Aircraft Maintenance Engineer (Structures)', TRUE);
INSERT INTO public.occupation(ocucode, ocudescription, ocuactive) VALUES (22, 'Ambulance Officer', TRUE);
INSERT INTO public.occupation(ocucode, ocudescription, ocuactive) VALUES (23, 'Amusement Centre Manager', TRUE);
INSERT INTO public.occupation(ocucode, ocudescription, ocuactive) VALUES (24, 'Anaesthetic Technician', TRUE);
INSERT INTO public.occupation(ocucode, ocudescription, ocuactive) VALUES (25, 'Anaesthetist', TRUE);
INSERT INTO public.occupation(ocucode, ocudescription, ocuactive) VALUES (26, 'Analyst Programmer', TRUE);
INSERT INTO public.occupation(ocucode, ocudescription, ocuactive) VALUES (27, 'Animal Attendants and Trainers nec', TRUE);
INSERT INTO public.occupation(ocucode, ocudescription, ocuactive) VALUES (28, 'Antique Dealer', TRUE);
INSERT INTO public.occupation(ocucode, ocudescription, ocuactive) VALUES (29, 'Apiarist', TRUE);
INSERT INTO public.occupation(ocucode, ocudescription, ocuactive) VALUES (30, 'Apparel Cutter', TRUE);
INSERT INTO public.occupation(ocucode, ocudescription, ocuactive) VALUES (31, 'Aquaculture Farmer', TRUE);
INSERT INTO public.occupation(ocucode, ocudescription, ocuactive) VALUES (32, 'Arborist', TRUE);
INSERT INTO public.occupation(ocucode, ocudescription, ocuactive) VALUES (33, 'Archaeologist', TRUE);
INSERT INTO public.occupation(ocucode, ocudescription, ocuactive) VALUES (34, 'Architect', TRUE);
INSERT INTO public.occupation(ocucode, ocudescription, ocuactive) VALUES (35, 'Architectural Draftsperson', TRUE);
INSERT INTO public.occupation(ocucode, ocudescription, ocuactive) VALUES (36, 'Architectural, Building and Surveying Technicians nec', TRUE);
INSERT INTO public.occupation(ocucode, ocudescription, ocuactive) VALUES (37, 'Archivist', TRUE);
INSERT INTO public.occupation(ocucode, ocudescription, ocuactive) VALUES (38, 'Art Director (Film, Television or Stage)', TRUE);
INSERT INTO public.occupation(ocucode, ocudescription, ocuactive) VALUES (39, 'Art Teacher (Private Tuition)', TRUE);
INSERT INTO public.occupation(ocucode, ocudescription, ocuactive) VALUES (40, 'Artistic Director', TRUE);
INSERT INTO public.occupation(ocucode, ocudescription, ocuactive) VALUES (41, 'Arts Administrator or Manager', TRUE);
INSERT INTO public.occupation(ocucode, ocudescription, ocuactive) VALUES (42, 'Auctioneer', TRUE);
INSERT INTO public.occupation(ocucode, ocudescription, ocuactive) VALUES (43, 'Audiologist', TRUE);
INSERT INTO public.occupation(ocucode, ocudescription, ocuactive) VALUES (44, 'Author', TRUE);
INSERT INTO public.occupation(ocucode, ocudescription, ocuactive) VALUES (45, 'Automotive Electrician', TRUE);
INSERT INTO public.occupation(ocucode, ocudescription, ocuactive) VALUES (46, 'Baker', TRUE);
INSERT INTO public.occupation(ocucode, ocudescription, ocuactive) VALUES (47, 'Barrister', TRUE);
INSERT INTO public.occupation(ocucode, ocudescription, ocuactive) VALUES (48, 'Bed and Breakfast Operator', TRUE);
INSERT INTO public.occupation(ocucode, ocudescription, ocuactive) VALUES (49, 'Beef Cattle Farmer', TRUE);
INSERT INTO public.occupation(ocucode, ocudescription, ocuactive) VALUES (50, 'Betting Agency Manager', TRUE);
INSERT INTO public.occupation(ocucode, ocudescription, ocuactive) VALUES (51, 'Biochemist', TRUE);
INSERT INTO public.occupation(ocucode, ocudescription, ocuactive) VALUES (52, 'Biomedical Engineer', TRUE);
INSERT INTO public.occupation(ocucode, ocudescription, ocuactive) VALUES (53, 'Biotechnologist', TRUE);
INSERT INTO public.occupation(ocucode, ocudescription, ocuactive) VALUES (54, 'Blacksmith', TRUE);
INSERT INTO public.occupation(ocucode, ocudescription, ocuactive) VALUES (55, 'Boarding Kennel or Cattery Operator', TRUE);
INSERT INTO public.occupation(ocucode, ocudescription, ocuactive) VALUES (56, 'Boat Builder and Repairer', TRUE);
INSERT INTO public.occupation(ocucode, ocudescription, ocuactive) VALUES (57, 'Book or Script Editor', TRUE);
INSERT INTO public.occupation(ocucode, ocudescription, ocuactive) VALUES (58, 'Botanist', TRUE);
INSERT INTO public.occupation(ocucode, ocudescription, ocuactive) VALUES (59, 'Bricklayer', TRUE);
INSERT INTO public.occupation(ocucode, ocudescription, ocuactive) VALUES (60, 'Broadcast Transmitter Operator', TRUE);
INSERT INTO public.occupation(ocucode, ocudescription, ocuactive) VALUES (61, 'Building and Engineering Technicians nec', TRUE);
INSERT INTO public.occupation(ocucode, ocudescription, ocuactive) VALUES (62, 'Building Associate', TRUE);
INSERT INTO public.occupation(ocucode, ocudescription, ocuactive) VALUES (63, 'Building Inspector', TRUE);
INSERT INTO public.occupation(ocucode, ocudescription, ocuactive) VALUES (64, 'Business Broker', TRUE);
INSERT INTO public.occupation(ocucode, ocudescription, ocuactive) VALUES (65, 'Business Machine Mechanic', TRUE);
INSERT INTO public.occupation(ocucode, ocudescription, ocuactive) VALUES (66, 'Cabinetmaker', TRUE);
INSERT INTO public.occupation(ocucode, ocudescription, ocuactive) VALUES (67, 'Cabler (Data and Telecommunications)', TRUE);
INSERT INTO public.occupation(ocucode, ocudescription, ocuactive) VALUES (68, 'Cafe or Restaurant Manager', TRUE);
INSERT INTO public.occupation(ocucode, ocudescription, ocuactive) VALUES (69, 'Call or Contact Centre Manager', TRUE);
INSERT INTO public.occupation(ocucode, ocudescription, ocuactive) VALUES (70, 'Camera Operator (Film, Television or Video)', TRUE);
INSERT INTO public.occupation(ocucode, ocudescription, ocuactive) VALUES (71, 'Canvas Goods Fabricator', TRUE);
INSERT INTO public.occupation(ocucode, ocudescription, ocuactive) VALUES (72, 'Caravan Park and Camping Ground Manager', TRUE);
INSERT INTO public.occupation(ocucode, ocudescription, ocuactive) VALUES (73, 'Cardiac Technician', TRUE);
INSERT INTO public.occupation(ocucode, ocudescription, ocuactive) VALUES (74, 'Cardiologist', TRUE);
INSERT INTO public.occupation(ocucode, ocudescription, ocuactive) VALUES (75, 'Cardiothoracic Surgeon', TRUE);
INSERT INTO public.occupation(ocucode, ocudescription, ocuactive) VALUES (76, 'Careers Counsellor', TRUE);
INSERT INTO public.occupation(ocucode, ocudescription, ocuactive) VALUES (77, 'Carpenter', TRUE);
INSERT INTO public.occupation(ocucode, ocudescription, ocuactive) VALUES (78, 'Carpenter and Joiner', TRUE);
INSERT INTO public.occupation(ocucode, ocudescription, ocuactive) VALUES (79, 'Cartographer', TRUE);
INSERT INTO public.occupation(ocucode, ocudescription, ocuactive) VALUES (80, 'Chef', TRUE);
INSERT INTO public.occupation(ocucode, ocudescription, ocuactive) VALUES (81, 'Chemical Engineer', TRUE);
INSERT INTO public.occupation(ocucode, ocudescription, ocuactive) VALUES (82, 'Chemical Plant Operator', TRUE);
INSERT INTO public.occupation(ocucode, ocudescription, ocuactive) VALUES (83, 'Chemist', TRUE);
INSERT INTO public.occupation(ocucode, ocudescription, ocuactive) VALUES (84, 'Chemistry Technician', TRUE);
INSERT INTO public.occupation(ocucode, ocudescription, ocuactive) VALUES (85, 'Chief Executive or Managing Director', TRUE);
INSERT INTO public.occupation(ocucode, ocudescription, ocuactive) VALUES (86, 'Chief Information Officer', TRUE);
INSERT INTO public.occupation(ocucode, ocudescription, ocuactive) VALUES (87, 'Child Care Centre Manager', TRUE);
INSERT INTO public.occupation(ocucode, ocudescription, ocuactive) VALUES (88, 'Chiropractor', TRUE);
INSERT INTO public.occupation(ocucode, ocudescription, ocuactive) VALUES (89, 'Cinema or Theatre Manager', TRUE);
INSERT INTO public.occupation(ocucode, ocudescription, ocuactive) VALUES (90, 'Civil Engineer', TRUE);
INSERT INTO public.occupation(ocucode, ocudescription, ocuactive) VALUES (91, 'Civil Engineering Draftsperson', TRUE);
INSERT INTO public.occupation(ocucode, ocudescription, ocuactive) VALUES (92, 'Civil Engineering Technician', TRUE);
INSERT INTO public.occupation(ocucode, ocudescription, ocuactive) VALUES (93, 'Clinical Coder', TRUE);
INSERT INTO public.occupation(ocucode, ocudescription, ocuactive) VALUES (94, 'Clinical Haematologist', TRUE);
INSERT INTO public.occupation(ocucode, ocudescription, ocuactive) VALUES (95, 'Clinical Psychologist', TRUE);
INSERT INTO public.occupation(ocucode, ocudescription, ocuactive) VALUES (96, 'Clothing Patternmaker', TRUE);
INSERT INTO public.occupation(ocucode, ocudescription, ocuactive) VALUES (97, 'Clothing Trades Workers nec', TRUE);
INSERT INTO public.occupation(ocucode, ocudescription, ocuactive) VALUES (98, 'Commissioned Defence Force Officer', TRUE);
INSERT INTO public.occupation(ocucode, ocudescription, ocuactive) VALUES (99, 'Commissioned Fire Officer', TRUE);
INSERT INTO public.occupation(ocucode, ocudescription, ocuactive) VALUES (100, 'Commissioned Police Officer', TRUE);
INSERT INTO public.occupation(ocucode, ocudescription, ocuactive) VALUES (101, 'Commodities Trader', TRUE);
INSERT INTO public.occupation(ocucode, ocudescription, ocuactive) VALUES (102, 'Communications Operator', TRUE);
INSERT INTO public.occupation(ocucode, ocudescription, ocuactive) VALUES (103, 'Community Arts Worker', TRUE);
INSERT INTO public.occupation(ocucode, ocudescription, ocuactive) VALUES (104, 'Community Worker', TRUE);
INSERT INTO public.occupation(ocucode, ocudescription, ocuactive) VALUES (105, 'Company Secretary', TRUE);
INSERT INTO public.occupation(ocucode, ocudescription, ocuactive) VALUES (106, 'Complementary Health Therapists nec', TRUE);
INSERT INTO public.occupation(ocucode, ocudescription, ocuactive) VALUES (107, 'Composer', TRUE);
INSERT INTO public.occupation(ocucode, ocudescription, ocuactive) VALUES (108, 'Computer Network and Systems Engineer', TRUE);
INSERT INTO public.occupation(ocucode, ocudescription, ocuactive) VALUES (109, 'Conference and Event Organiser', TRUE);
INSERT INTO public.occupation(ocucode, ocudescription, ocuactive) VALUES (110, 'Conservation Officer', TRUE);
INSERT INTO public.occupation(ocucode, ocudescription, ocuactive) VALUES (111, 'Conservator', TRUE);
INSERT INTO public.occupation(ocucode, ocudescription, ocuactive) VALUES (112, 'Construction Estimator', TRUE);
INSERT INTO public.occupation(ocucode, ocudescription, ocuactive) VALUES (113, 'Construction Project Manager', TRUE);
INSERT INTO public.occupation(ocucode, ocudescription, ocuactive) VALUES (114, 'Contract Administrator', TRUE);
INSERT INTO public.occupation(ocucode, ocudescription, ocuactive) VALUES (115, 'Conveyancer', TRUE);
INSERT INTO public.occupation(ocucode, ocudescription, ocuactive) VALUES (116, 'Cook', TRUE);
INSERT INTO public.occupation(ocucode, ocudescription, ocuactive) VALUES (117, 'Copywriter', TRUE);
INSERT INTO public.occupation(ocucode, ocudescription, ocuactive) VALUES (118, 'Corporate General Manager', TRUE);
INSERT INTO public.occupation(ocucode, ocudescription, ocuactive) VALUES (119, 'Corporate Services Manager', TRUE);
INSERT INTO public.occupation(ocucode, ocudescription, ocuactive) VALUES (120, 'Corporate Treasurer', TRUE);
INSERT INTO public.occupation(ocucode, ocudescription, ocuactive) VALUES (121, 'Cotton Grower', TRUE);
INSERT INTO public.occupation(ocucode, ocudescription, ocuactive) VALUES (122, 'Counsellors nec', TRUE);
INSERT INTO public.occupation(ocucode, ocudescription, ocuactive) VALUES (123, 'Court Bailiff or Sheriff (Aus) / Court Collections Officer (NZ)', TRUE);
INSERT INTO public.occupation(ocucode, ocudescription, ocuactive) VALUES (124, 'Crop Farmers nec', TRUE);
INSERT INTO public.occupation(ocucode, ocudescription, ocuactive) VALUES (125, 'Customer Service Manager', TRUE);
INSERT INTO public.occupation(ocucode, ocudescription, ocuactive) VALUES (126, 'Dairy Cattle Farmer', TRUE);
INSERT INTO public.occupation(ocucode, ocudescription, ocuactive) VALUES (127, 'Dance Teacher (Private Tuition)', TRUE);
INSERT INTO public.occupation(ocucode, ocudescription, ocuactive) VALUES (128, 'Dancer or Choreographer', TRUE);
INSERT INTO public.occupation(ocucode, ocudescription, ocuactive) VALUES (129, 'Database Administrator', TRUE);
INSERT INTO public.occupation(ocucode, ocudescription, ocuactive) VALUES (130, 'Deer Farmer', TRUE);
INSERT INTO public.occupation(ocucode, ocudescription, ocuactive) VALUES (131, 'Defence Force Member – Other Ranks', TRUE);
INSERT INTO public.occupation(ocucode, ocudescription, ocuactive) VALUES (132, 'Defence Force Senior Officer', TRUE);
INSERT INTO public.occupation(ocucode, ocudescription, ocuactive) VALUES (133, 'Dental Hygienist', TRUE);
INSERT INTO public.occupation(ocucode, ocudescription, ocuactive) VALUES (134, 'Dental Prosthetist', TRUE);
INSERT INTO public.occupation(ocucode, ocudescription, ocuactive) VALUES (135, 'Dental Specialist', TRUE);
INSERT INTO public.occupation(ocucode, ocudescription, ocuactive) VALUES (136, 'Dental Technician', TRUE);
INSERT INTO public.occupation(ocucode, ocudescription, ocuactive) VALUES (137, 'Dental Therapist', TRUE);
INSERT INTO public.occupation(ocucode, ocudescription, ocuactive) VALUES (138, 'Dentist', TRUE);
INSERT INTO public.occupation(ocucode, ocudescription, ocuactive) VALUES (139, 'Dermatologist', TRUE);
INSERT INTO public.occupation(ocucode, ocudescription, ocuactive) VALUES (140, 'Detective', TRUE);
INSERT INTO public.occupation(ocucode, ocudescription, ocuactive) VALUES (141, 'Developer Programmer', TRUE);
INSERT INTO public.occupation(ocucode, ocudescription, ocuactive) VALUES (142, 'Diagnostic and Interventional Radiologist', TRUE);
INSERT INTO public.occupation(ocucode, ocudescription, ocuactive) VALUES (143, 'Diesel Motor Mechanic', TRUE);
INSERT INTO public.occupation(ocucode, ocudescription, ocuactive) VALUES (144, 'Dietitian', TRUE);
INSERT INTO public.occupation(ocucode, ocudescription, ocuactive) VALUES (145, 'Director (Film, Television, Radio or Stage)', TRUE);
INSERT INTO public.occupation(ocucode, ocudescription, ocuactive) VALUES (146, 'Director of Photography', TRUE);
INSERT INTO public.occupation(ocucode, ocudescription, ocuactive) VALUES (147, 'Disabilities Services Officer', TRUE);
INSERT INTO public.occupation(ocucode, ocudescription, ocuactive) VALUES (148, 'Diver', TRUE);
INSERT INTO public.occupation(ocucode, ocudescription, ocuactive) VALUES (149, 'Diversional Therapist', TRUE);
INSERT INTO public.occupation(ocucode, ocudescription, ocuactive) VALUES (150, 'Diving Instructor (Open Water)', TRUE);
INSERT INTO public.occupation(ocucode, ocudescription, ocuactive) VALUES (151, 'Dog Handler or Trainer', TRUE);
INSERT INTO public.occupation(ocucode, ocudescription, ocuactive) VALUES (152, 'Dog or Horse Racing Official', TRUE);
INSERT INTO public.occupation(ocucode, ocudescription, ocuactive) VALUES (153, 'Drainer', TRUE);
INSERT INTO public.occupation(ocucode, ocudescription, ocuactive) VALUES (154, 'Drama Teacher (Private Tuition)', TRUE);
INSERT INTO public.occupation(ocucode, ocudescription, ocuactive) VALUES (155, 'Dressmaker or Tailor', TRUE);
INSERT INTO public.occupation(ocucode, ocudescription, ocuactive) VALUES (156, 'Driller', TRUE);
INSERT INTO public.occupation(ocucode, ocudescription, ocuactive) VALUES (157, 'Driving Instructor', TRUE);
INSERT INTO public.occupation(ocucode, ocudescription, ocuactive) VALUES (158, 'Drug and Alcohol Counsellor', TRUE);
INSERT INTO public.occupation(ocucode, ocudescription, ocuactive) VALUES (159, 'Early Childhood (Pre-Primary School) Teacher', TRUE);
INSERT INTO public.occupation(ocucode, ocudescription, ocuactive) VALUES (160, 'Earth Science Technician', TRUE);
INSERT INTO public.occupation(ocucode, ocudescription, ocuactive) VALUES (161, 'Economist', TRUE);
INSERT INTO public.occupation(ocucode, ocudescription, ocuactive) VALUES (162, 'Education Adviser', TRUE);
INSERT INTO public.occupation(ocucode, ocudescription, ocuactive) VALUES (163, 'Education Managers nec', TRUE);
INSERT INTO public.occupation(ocucode, ocudescription, ocuactive) VALUES (164, 'Education Reviewer', TRUE);
INSERT INTO public.occupation(ocucode, ocudescription, ocuactive) VALUES (165, 'Educational Psychologist', TRUE);
INSERT INTO public.occupation(ocucode, ocudescription, ocuactive) VALUES (166, 'Electorate Officer', TRUE);
INSERT INTO public.occupation(ocucode, ocudescription, ocuactive) VALUES (167, 'Electrical Engineer', TRUE);
INSERT INTO public.occupation(ocucode, ocudescription, ocuactive) VALUES (168, 'Electrical Engineering Draftsperson', TRUE);
INSERT INTO public.occupation(ocucode, ocudescription, ocuactive) VALUES (169, 'Electrical Engineering Technician', TRUE);
INSERT INTO public.occupation(ocucode, ocudescription, ocuactive) VALUES (170, 'Electrical Linesworker', TRUE);
INSERT INTO public.occupation(ocucode, ocudescription, ocuactive) VALUES (171, 'Electrician (General)', TRUE);
INSERT INTO public.occupation(ocucode, ocudescription, ocuactive) VALUES (172, 'Electrician (Special Class)', TRUE);
INSERT INTO public.occupation(ocucode, ocudescription, ocuactive) VALUES (173, 'Electronic Engineering Draftsperson', TRUE);
INSERT INTO public.occupation(ocucode, ocudescription, ocuactive) VALUES (174, 'Electronic Engineering Technician', TRUE);
INSERT INTO public.occupation(ocucode, ocudescription, ocuactive) VALUES (175, 'Electronic Equipment Trades Worker', TRUE);
INSERT INTO public.occupation(ocucode, ocudescription, ocuactive) VALUES (176, 'Electronic Instrument Trades Worker (General)', TRUE);
INSERT INTO public.occupation(ocucode, ocudescription, ocuactive) VALUES (177, 'Electronic Instrument Trades Worker (Special Class)', TRUE);
INSERT INTO public.occupation(ocucode, ocudescription, ocuactive) VALUES (178, 'Electronics Engineer', TRUE);
INSERT INTO public.occupation(ocucode, ocudescription, ocuactive) VALUES (179, 'Electroplater', TRUE);
INSERT INTO public.occupation(ocucode, ocudescription, ocuactive) VALUES (180, 'Emergency Medicine Specialist', TRUE);
INSERT INTO public.occupation(ocucode, ocudescription, ocuactive) VALUES (181, 'Emergency Service Worker', TRUE);
INSERT INTO public.occupation(ocucode, ocudescription, ocuactive) VALUES (182, 'Endocrinologist', TRUE);
INSERT INTO public.occupation(ocucode, ocudescription, ocuactive) VALUES (183, 'Engineering Manager', TRUE);
INSERT INTO public.occupation(ocucode, ocudescription, ocuactive) VALUES (184, 'Engineering Patternmaker', TRUE);
INSERT INTO public.occupation(ocucode, ocudescription, ocuactive) VALUES (185, 'Engineering Professionals nec', TRUE);
INSERT INTO public.occupation(ocucode, ocudescription, ocuactive) VALUES (186, 'Engineering Technologist', TRUE);
INSERT INTO public.occupation(ocucode, ocudescription, ocuactive) VALUES (187, 'Engraver', TRUE);
INSERT INTO public.occupation(ocucode, ocudescription, ocuactive) VALUES (188, 'Enrolled Nurse', TRUE);
INSERT INTO public.occupation(ocucode, ocudescription, ocuactive) VALUES (189, 'Entertainer or Variety Artist', TRUE);
INSERT INTO public.occupation(ocucode, ocudescription, ocuactive) VALUES (190, 'Environmental Consultant', TRUE);
INSERT INTO public.occupation(ocucode, ocudescription, ocuactive) VALUES (191, 'Environmental Engineer', TRUE);
INSERT INTO public.occupation(ocucode, ocudescription, ocuactive) VALUES (192, 'Environmental Health Officer', TRUE);
INSERT INTO public.occupation(ocucode, ocudescription, ocuactive) VALUES (193, 'Environmental Manager', TRUE);
INSERT INTO public.occupation(ocucode, ocudescription, ocuactive) VALUES (194, 'Environmental Research Scientist', TRUE);
INSERT INTO public.occupation(ocucode, ocudescription, ocuactive) VALUES (195, 'Environmental Scientists nec', TRUE);
INSERT INTO public.occupation(ocucode, ocudescription, ocuactive) VALUES (196, 'Equipment Hire Manager', TRUE);
INSERT INTO public.occupation(ocucode, ocudescription, ocuactive) VALUES (197, 'Exercise Physiologist', TRUE);
INSERT INTO public.occupation(ocucode, ocudescription, ocuactive) VALUES (198, 'External Auditor', TRUE);
INSERT INTO public.occupation(ocucode, ocudescription, ocuactive) VALUES (199, 'Facilities Manager', TRUE);
INSERT INTO public.occupation(ocucode, ocudescription, ocuactive) VALUES (200, 'Faculty Head', TRUE);
INSERT INTO public.occupation(ocucode, ocudescription, ocuactive) VALUES (201, 'Family and Marriage Counsellor', TRUE);
INSERT INTO public.occupation(ocucode, ocudescription, ocuactive) VALUES (202, 'Family Support Worker', TRUE);
INSERT INTO public.occupation(ocucode, ocudescription, ocuactive) VALUES (203, 'Farrier', TRUE);
INSERT INTO public.occupation(ocucode, ocudescription, ocuactive) VALUES (204, 'Fashion Designer', TRUE);
INSERT INTO public.occupation(ocucode, ocudescription, ocuactive) VALUES (205, 'Fibrous Plasterer', TRUE);
INSERT INTO public.occupation(ocucode, ocudescription, ocuactive) VALUES (206, 'Film and Video Editor', TRUE);
INSERT INTO public.occupation(ocucode, ocudescription, ocuactive) VALUES (207, 'Film, Television, Radio and Stage Directors nec', TRUE);
INSERT INTO public.occupation(ocucode, ocudescription, ocuactive) VALUES (208, 'Finance Broker', TRUE);
INSERT INTO public.occupation(ocucode, ocudescription, ocuactive) VALUES (209, 'Finance Manager', TRUE);
INSERT INTO public.occupation(ocucode, ocudescription, ocuactive) VALUES (210, 'Financial Brokers nec', TRUE);
INSERT INTO public.occupation(ocucode, ocudescription, ocuactive) VALUES (211, 'Financial Dealers nec', TRUE);
INSERT INTO public.occupation(ocucode, ocudescription, ocuactive) VALUES (212, 'Financial Institution Branch Manager', TRUE);
INSERT INTO public.occupation(ocucode, ocudescription, ocuactive) VALUES (213, 'Financial Investment Adviser', TRUE);
INSERT INTO public.occupation(ocucode, ocudescription, ocuactive) VALUES (214, 'Financial Investment Manager', TRUE);
INSERT INTO public.occupation(ocucode, ocudescription, ocuactive) VALUES (215, 'Financial Market Dealer', TRUE);
INSERT INTO public.occupation(ocucode, ocudescription, ocuactive) VALUES (216, 'Fire Fighter', TRUE);
INSERT INTO public.occupation(ocucode, ocudescription, ocuactive) VALUES (217, 'Fire Protection Equipment Technician', TRUE);
INSERT INTO public.occupation(ocucode, ocudescription, ocuactive) VALUES (218, 'First Aid Trainer', TRUE);
INSERT INTO public.occupation(ocucode, ocudescription, ocuactive) VALUES (219, 'Fisheries Officer', TRUE);
INSERT INTO public.occupation(ocucode, ocudescription, ocuactive) VALUES (220, 'Fitness Centre Manager', TRUE);
INSERT INTO public.occupation(ocucode, ocudescription, ocuactive) VALUES (221, 'Fitter (General)', TRUE);
INSERT INTO public.occupation(ocucode, ocudescription, ocuactive) VALUES (222, 'Fitter and Turner', TRUE);
INSERT INTO public.occupation(ocucode, ocudescription, ocuactive) VALUES (223, 'Fitter-Welder', TRUE);
INSERT INTO public.occupation(ocucode, ocudescription, ocuactive) VALUES (224, 'Fleet Manager', TRUE);
INSERT INTO public.occupation(ocucode, ocudescription, ocuactive) VALUES (225, 'Flight Attendant', TRUE);
INSERT INTO public.occupation(ocucode, ocudescription, ocuactive) VALUES (226, 'Floor Finisher', TRUE);
INSERT INTO public.occupation(ocucode, ocudescription, ocuactive) VALUES (227, 'Florist', TRUE);
INSERT INTO public.occupation(ocucode, ocudescription, ocuactive) VALUES (228, 'Flower Grower', TRUE);
INSERT INTO public.occupation(ocucode, ocudescription, ocuactive) VALUES (229, 'Flying Instructor', TRUE);
INSERT INTO public.occupation(ocucode, ocudescription, ocuactive) VALUES (230, 'Food Technologist', TRUE);
INSERT INTO public.occupation(ocucode, ocudescription, ocuactive) VALUES (231, 'Footballer', TRUE);
INSERT INTO public.occupation(ocucode, ocudescription, ocuactive) VALUES (232, 'Forester', TRUE);
INSERT INTO public.occupation(ocucode, ocudescription, ocuactive) VALUES (233, 'Fruit or Nut Grower', TRUE);
INSERT INTO public.occupation(ocucode, ocudescription, ocuactive) VALUES (234, 'Funeral Director', TRUE);
INSERT INTO public.occupation(ocucode, ocudescription, ocuactive) VALUES (235, 'Funeral Workers nec', TRUE);
INSERT INTO public.occupation(ocucode, ocudescription, ocuactive) VALUES (236, 'Furniture Finisher', TRUE);
INSERT INTO public.occupation(ocucode, ocudescription, ocuactive) VALUES (237, 'Futures Trader', TRUE);
INSERT INTO public.occupation(ocucode, ocudescription, ocuactive) VALUES (238, 'Gallery or Museum Curator', TRUE);
INSERT INTO public.occupation(ocucode, ocudescription, ocuactive) VALUES (239, 'Gallery or Museum Technician', TRUE);
INSERT INTO public.occupation(ocucode, ocudescription, ocuactive) VALUES (240, 'Gardener (General)', TRUE);
INSERT INTO public.occupation(ocucode, ocudescription, ocuactive) VALUES (241, 'Gas or Petroleum Operator', TRUE);
INSERT INTO public.occupation(ocucode, ocudescription, ocuactive) VALUES (242, 'Gasfitter', TRUE);
INSERT INTO public.occupation(ocucode, ocudescription, ocuactive) VALUES (243, 'Gastroenterologist', TRUE);
INSERT INTO public.occupation(ocucode, ocudescription, ocuactive) VALUES (244, 'General Practitioner', TRUE);
INSERT INTO public.occupation(ocucode, ocudescription, ocuactive) VALUES (245, 'Geologist', TRUE);
INSERT INTO public.occupation(ocucode, ocudescription, ocuactive) VALUES (246, 'Geophysicist', TRUE);
INSERT INTO public.occupation(ocucode, ocudescription, ocuactive) VALUES (247, 'Geotechnical Engineer', TRUE);
INSERT INTO public.occupation(ocucode, ocudescription, ocuactive) VALUES (248, 'Glazier', TRUE);
INSERT INTO public.occupation(ocucode, ocudescription, ocuactive) VALUES (249, 'Goat Farmer', TRUE);
INSERT INTO public.occupation(ocucode, ocudescription, ocuactive) VALUES (250, 'Golfer', TRUE);
INSERT INTO public.occupation(ocucode, ocudescription, ocuactive) VALUES (251, 'Grain, Oilseed or Pasture Grower (Aus) / Field Crop Grower (NZ)', TRUE);
INSERT INTO public.occupation(ocucode, ocudescription, ocuactive) VALUES (252, 'Grape Grower', TRUE);
INSERT INTO public.occupation(ocucode, ocudescription, ocuactive) VALUES (253, 'Graphic Designer', TRUE);
INSERT INTO public.occupation(ocucode, ocudescription, ocuactive) VALUES (254, 'Graphic Pre-press Trades Worker', TRUE);
INSERT INTO public.occupation(ocucode, ocudescription, ocuactive) VALUES (255, 'Greenkeeper', TRUE);
INSERT INTO public.occupation(ocucode, ocudescription, ocuactive) VALUES (256, 'Gunsmith', TRUE);
INSERT INTO public.occupation(ocucode, ocudescription, ocuactive) VALUES (257, 'Gymnastics Coach or Instructor', TRUE);
INSERT INTO public.occupation(ocucode, ocudescription, ocuactive) VALUES (258, 'Hair or Beauty Salon Manager', TRUE);
INSERT INTO public.occupation(ocucode, ocudescription, ocuactive) VALUES (259, 'Hairdresser', TRUE);
INSERT INTO public.occupation(ocucode, ocudescription, ocuactive) VALUES (260, 'Hardware Technician', TRUE);
INSERT INTO public.occupation(ocucode, ocudescription, ocuactive) VALUES (261, 'Health and Welfare Services Managers nec', TRUE);
INSERT INTO public.occupation(ocucode, ocudescription, ocuactive) VALUES (262, 'Health Diagnostic and Promotion Professionals nec', TRUE);
INSERT INTO public.occupation(ocucode, ocudescription, ocuactive) VALUES (263, 'Health Information Manager', TRUE);
INSERT INTO public.occupation(ocucode, ocudescription, ocuactive) VALUES (264, 'Health Promotion Officer', TRUE);
INSERT INTO public.occupation(ocucode, ocudescription, ocuactive) VALUES (265, 'Helicopter Pilot', TRUE);
INSERT INTO public.occupation(ocucode, ocudescription, ocuactive) VALUES (266, 'Historian', TRUE);
INSERT INTO public.occupation(ocucode, ocudescription, ocuactive) VALUES (267, 'Homoeopath', TRUE);
INSERT INTO public.occupation(ocucode, ocudescription, ocuactive) VALUES (268, 'Horse Breeder', TRUE);
INSERT INTO public.occupation(ocucode, ocudescription, ocuactive) VALUES (269, 'Horse Riding Coach or Instructor', TRUE);
INSERT INTO public.occupation(ocucode, ocudescription, ocuactive) VALUES (270, 'Horse Trainer', TRUE);
INSERT INTO public.occupation(ocucode, ocudescription, ocuactive) VALUES (271, 'Hospital Pharmacist', TRUE);
INSERT INTO public.occupation(ocucode, ocudescription, ocuactive) VALUES (272, 'Hotel or Motel Manager', TRUE);
INSERT INTO public.occupation(ocucode, ocudescription, ocuactive) VALUES (273, 'Human Resource Adviser', TRUE);
INSERT INTO public.occupation(ocucode, ocudescription, ocuactive) VALUES (274, 'Human Resource Manager', TRUE);
INSERT INTO public.occupation(ocucode, ocudescription, ocuactive) VALUES (275, 'Hydrogeologist', TRUE);
INSERT INTO public.occupation(ocucode, ocudescription, ocuactive) VALUES (276, 'Hydrographer', TRUE);
INSERT INTO public.occupation(ocucode, ocudescription, ocuactive) VALUES (277, 'ICT Account Manager', TRUE);
INSERT INTO public.occupation(ocucode, ocudescription, ocuactive) VALUES (278, 'ICT business Analyst', TRUE);
INSERT INTO public.occupation(ocucode, ocudescription, ocuactive) VALUES (279, 'ICT Business Development Manager', TRUE);
INSERT INTO public.occupation(ocucode, ocudescription, ocuactive) VALUES (280, 'ICT Customer Support Officer', TRUE);
INSERT INTO public.occupation(ocucode, ocudescription, ocuactive) VALUES (281, 'ICT Managers nec', TRUE);
INSERT INTO public.occupation(ocucode, ocudescription, ocuactive) VALUES (282, 'ICT Project Manager', TRUE);
INSERT INTO public.occupation(ocucode, ocudescription, ocuactive) VALUES (283, 'ICT Quality Assurance Engineer', TRUE);
INSERT INTO public.occupation(ocucode, ocudescription, ocuactive) VALUES (284, 'ICT Sales Representative', TRUE);
INSERT INTO public.occupation(ocucode, ocudescription, ocuactive) VALUES (285, 'ICT Security Specialist', TRUE);
INSERT INTO public.occupation(ocucode, ocudescription, ocuactive) VALUES (286, 'ICT Support and Test Engineers nec', TRUE);
INSERT INTO public.occupation(ocucode, ocudescription, ocuactive) VALUES (287, 'ICT Support Engineer', TRUE);
INSERT INTO public.occupation(ocucode, ocudescription, ocuactive) VALUES (288, 'ICT Support Technicians nec', TRUE);
INSERT INTO public.occupation(ocucode, ocudescription, ocuactive) VALUES (289, 'ICT Systems Test Engineer', TRUE);
INSERT INTO public.occupation(ocucode, ocudescription, ocuactive) VALUES (290, 'ICT Trainer', TRUE);
INSERT INTO public.occupation(ocucode, ocudescription, ocuactive) VALUES (291, 'Illustrator', TRUE);
INSERT INTO public.occupation(ocucode, ocudescription, ocuactive) VALUES (292, 'Importer or Exporter', TRUE);
INSERT INTO public.occupation(ocucode, ocudescription, ocuactive) VALUES (293, 'Industrial Designer', TRUE);
INSERT INTO public.occupation(ocucode, ocudescription, ocuactive) VALUES (294, 'Industrial Engineer', TRUE);
INSERT INTO public.occupation(ocucode, ocudescription, ocuactive) VALUES (295, 'Industrial Pharmacist', TRUE);
INSERT INTO public.occupation(ocucode, ocudescription, ocuactive) VALUES (296, 'Information and Organisation Professionals nec', TRUE);
INSERT INTO public.occupation(ocucode, ocudescription, ocuactive) VALUES (297, 'Insurance Agent', TRUE);
INSERT INTO public.occupation(ocucode, ocudescription, ocuactive) VALUES (298, 'Insurance Broker', TRUE);
INSERT INTO public.occupation(ocucode, ocudescription, ocuactive) VALUES (299, 'Insurance Investigator', TRUE);
INSERT INTO public.occupation(ocucode, ocudescription, ocuactive) VALUES (300, 'Insurance Loss Adjuster', TRUE);
INSERT INTO public.occupation(ocucode, ocudescription, ocuactive) VALUES (301, 'Insurance Risk Surveyor', TRUE);
INSERT INTO public.occupation(ocucode, ocudescription, ocuactive) VALUES (302, 'Intellectual Property Lawyer', TRUE);
INSERT INTO public.occupation(ocucode, ocudescription, ocuactive) VALUES (303, 'Intelligence Officer', TRUE);
INSERT INTO public.occupation(ocucode, ocudescription, ocuactive) VALUES (304, 'Intensive Care Ambulance Paramedic', TRUE);
INSERT INTO public.occupation(ocucode, ocudescription, ocuactive) VALUES (305, 'Intensive Care Specialist', TRUE);
INSERT INTO public.occupation(ocucode, ocudescription, ocuactive) VALUES (306, 'Interior Decorator', TRUE);
INSERT INTO public.occupation(ocucode, ocudescription, ocuactive) VALUES (307, 'Interior Designer', TRUE);
INSERT INTO public.occupation(ocucode, ocudescription, ocuactive) VALUES (308, 'Internal Auditor', TRUE);
INSERT INTO public.occupation(ocucode, ocudescription, ocuactive) VALUES (309, 'Interpreter', TRUE);
INSERT INTO public.occupation(ocucode, ocudescription, ocuactive) VALUES (310, 'Jeweller', TRUE);
INSERT INTO public.occupation(ocucode, ocudescription, ocuactive) VALUES (311, 'Jewellery Designer', TRUE);
INSERT INTO public.occupation(ocucode, ocudescription, ocuactive) VALUES (312, 'Jockey', TRUE);
INSERT INTO public.occupation(ocucode, ocudescription, ocuactive) VALUES (313, 'Joiner', TRUE);
INSERT INTO public.occupation(ocucode, ocudescription, ocuactive) VALUES (314, 'Journalists and Other Writers nec', TRUE);
INSERT INTO public.occupation(ocucode, ocudescription, ocuactive) VALUES (315, 'Judge', TRUE);
INSERT INTO public.occupation(ocucode, ocudescription, ocuactive) VALUES (316, 'Judicial and Other Legal Professionals nec', TRUE);
INSERT INTO public.occupation(ocucode, ocudescription, ocuactive) VALUES (317, 'Kennel Hand', TRUE);
INSERT INTO public.occupation(ocucode, ocudescription, ocuactive) VALUES (318, 'Laboratory Manager', TRUE);
INSERT INTO public.occupation(ocucode, ocudescription, ocuactive) VALUES (319, 'Land Economist', TRUE);
INSERT INTO public.occupation(ocucode, ocudescription, ocuactive) VALUES (320, 'Landscape Architect', TRUE);
INSERT INTO public.occupation(ocucode, ocudescription, ocuactive) VALUES (321, 'Landscape Gardener', TRUE);
INSERT INTO public.occupation(ocucode, ocudescription, ocuactive) VALUES (322, 'Leather Goods Maker', TRUE);
INSERT INTO public.occupation(ocucode, ocudescription, ocuactive) VALUES (323, 'Legal Executive', TRUE);
INSERT INTO public.occupation(ocucode, ocudescription, ocuactive) VALUES (324, 'Liaison Officer', TRUE);
INSERT INTO public.occupation(ocucode, ocudescription, ocuactive) VALUES (325, 'Librarian', TRUE);
INSERT INTO public.occupation(ocucode, ocudescription, ocuactive) VALUES (326, 'Library Technician', TRUE);
INSERT INTO public.occupation(ocucode, ocudescription, ocuactive) VALUES (327, 'Licensed Club Manager', TRUE);
INSERT INTO public.occupation(ocucode, ocudescription, ocuactive) VALUES (328, 'Life Science Technician', TRUE);
INSERT INTO public.occupation(ocucode, ocudescription, ocuactive) VALUES (329, 'Life Scientist (General)', TRUE);
INSERT INTO public.occupation(ocucode, ocudescription, ocuactive) VALUES (330, 'Life Scientists nec', TRUE);
INSERT INTO public.occupation(ocucode, ocudescription, ocuactive) VALUES (331, 'Lift Mechanic', TRUE);
INSERT INTO public.occupation(ocucode, ocudescription, ocuactive) VALUES (332, 'Light Technician', TRUE);
INSERT INTO public.occupation(ocucode, ocudescription, ocuactive) VALUES (333, 'Livestock Farmers nec', TRUE);
INSERT INTO public.occupation(ocucode, ocudescription, ocuactive) VALUES (334, 'Locksmith', TRUE);
INSERT INTO public.occupation(ocucode, ocudescription, ocuactive) VALUES (335, 'Magistrate', TRUE);
INSERT INTO public.occupation(ocucode, ocudescription, ocuactive) VALUES (336, 'Maintenance Planner', TRUE);
INSERT INTO public.occupation(ocucode, ocudescription, ocuactive) VALUES (337, 'Make Up Artist', TRUE);
INSERT INTO public.occupation(ocucode, ocudescription, ocuactive) VALUES (338, 'Management Accountant', TRUE);
INSERT INTO public.occupation(ocucode, ocudescription, ocuactive) VALUES (339, 'Management Consultant', TRUE);
INSERT INTO public.occupation(ocucode, ocudescription, ocuactive) VALUES (340, 'Manufacturer', TRUE);
INSERT INTO public.occupation(ocucode, ocudescription, ocuactive) VALUES (341, 'Marine Biologist', TRUE);
INSERT INTO public.occupation(ocucode, ocudescription, ocuactive) VALUES (342, 'Marine Surveyor', TRUE);
INSERT INTO public.occupation(ocucode, ocudescription, ocuactive) VALUES (343, 'Marine Transport Professionals nec', TRUE);
INSERT INTO public.occupation(ocucode, ocudescription, ocuactive) VALUES (344, 'Market Research Analyst', TRUE);
INSERT INTO public.occupation(ocucode, ocudescription, ocuactive) VALUES (345, 'Marketing Specialist', TRUE);
INSERT INTO public.occupation(ocucode, ocudescription, ocuactive) VALUES (346, 'Massage Therapist', TRUE);
INSERT INTO public.occupation(ocucode, ocudescription, ocuactive) VALUES (347, 'Master Fisher', TRUE);
INSERT INTO public.occupation(ocucode, ocudescription, ocuactive) VALUES (348, 'Materials Engineer', TRUE);
INSERT INTO public.occupation(ocucode, ocudescription, ocuactive) VALUES (349, 'Mathematician', TRUE);
INSERT INTO public.occupation(ocucode, ocudescription, ocuactive) VALUES (350, 'Meat Inspector', TRUE);
INSERT INTO public.occupation(ocucode, ocudescription, ocuactive) VALUES (351, 'Mechanical Engineer', TRUE);
INSERT INTO public.occupation(ocucode, ocudescription, ocuactive) VALUES (352, 'Mechanical Engineering Draftsperson', TRUE);
INSERT INTO public.occupation(ocucode, ocudescription, ocuactive) VALUES (353, 'Mechanical Engineering Technician', TRUE);
INSERT INTO public.occupation(ocucode, ocudescription, ocuactive) VALUES (354, 'Media Producer (excluding Video)', TRUE);
INSERT INTO public.occupation(ocucode, ocudescription, ocuactive) VALUES (355, 'Medical Administrator', TRUE);
INSERT INTO public.occupation(ocucode, ocudescription, ocuactive) VALUES (356, 'Medical Diagnostic Radiographer', TRUE);
INSERT INTO public.occupation(ocucode, ocudescription, ocuactive) VALUES (357, 'Medical Laboratory Scientist', TRUE);
INSERT INTO public.occupation(ocucode, ocudescription, ocuactive) VALUES (358, 'Medical Laboratory Technician', TRUE);
INSERT INTO public.occupation(ocucode, ocudescription, ocuactive) VALUES (359, 'Medical Oncologist', TRUE);
INSERT INTO public.occupation(ocucode, ocudescription, ocuactive) VALUES (360, 'Medical Practitioners nec', TRUE);
INSERT INTO public.occupation(ocucode, ocudescription, ocuactive) VALUES (361, 'Medical Radiation Therapist', TRUE);
INSERT INTO public.occupation(ocucode, ocudescription, ocuactive) VALUES (362, 'Medical Technicians nec', TRUE);
INSERT INTO public.occupation(ocucode, ocudescription, ocuactive) VALUES (363, 'Metal Casting Trades Worker', TRUE);
INSERT INTO public.occupation(ocucode, ocudescription, ocuactive) VALUES (364, 'Metal Fabricator', TRUE);
INSERT INTO public.occupation(ocucode, ocudescription, ocuactive) VALUES (365, 'Metal Fitters and Machinists nec', TRUE);
INSERT INTO public.occupation(ocucode, ocudescription, ocuactive) VALUES (366, 'Metal Machinist (First Class)', TRUE);
INSERT INTO public.occupation(ocucode, ocudescription, ocuactive) VALUES (367, 'Metal Polisher', TRUE);
INSERT INTO public.occupation(ocucode, ocudescription, ocuactive) VALUES (368, 'Metallurgical or Materials Technician', TRUE);
INSERT INTO public.occupation(ocucode, ocudescription, ocuactive) VALUES (369, 'Metallurgist', TRUE);
INSERT INTO public.occupation(ocucode, ocudescription, ocuactive) VALUES (370, 'Meteorologist', TRUE);
INSERT INTO public.occupation(ocucode, ocudescription, ocuactive) VALUES (371, 'Microbiologist', TRUE);
INSERT INTO public.occupation(ocucode, ocudescription, ocuactive) VALUES (372, 'Middle School Teacher (Aus) / Intermediate School Teacher (NZ)', TRUE);
INSERT INTO public.occupation(ocucode, ocudescription, ocuactive) VALUES (373, 'Midwife', TRUE);
INSERT INTO public.occupation(ocucode, ocudescription, ocuactive) VALUES (374, 'Migration Agent (Aus)', TRUE);
INSERT INTO public.occupation(ocucode, ocudescription, ocuactive) VALUES (375, 'Mine Deputy', TRUE);
INSERT INTO public.occupation(ocucode, ocudescription, ocuactive) VALUES (376, 'Mining Engineer (Excluding Petroleum)', TRUE);
INSERT INTO public.occupation(ocucode, ocudescription, ocuactive) VALUES (377, 'Minister of Religion', TRUE);
INSERT INTO public.occupation(ocucode, ocudescription, ocuactive) VALUES (378, 'Mixed Crop and Livestock Farmer', TRUE);
INSERT INTO public.occupation(ocucode, ocudescription, ocuactive) VALUES (379, 'Mixed Crop Farmer', TRUE);
INSERT INTO public.occupation(ocucode, ocudescription, ocuactive) VALUES (380, 'Mixed Livestock Farmer', TRUE);
INSERT INTO public.occupation(ocucode, ocudescription, ocuactive) VALUES (381, 'Mothercraft Nurse', TRUE);
INSERT INTO public.occupation(ocucode, ocudescription, ocuactive) VALUES (382, 'Motor Mechanic (General)', TRUE);
INSERT INTO public.occupation(ocucode, ocudescription, ocuactive) VALUES (383, 'Motorcycle Mechanic', TRUE);
INSERT INTO public.occupation(ocucode, ocudescription, ocuactive) VALUES (384, 'Multimedia Designer', TRUE);
INSERT INTO public.occupation(ocucode, ocudescription, ocuactive) VALUES (385, 'Multimedia Specialist', TRUE);
INSERT INTO public.occupation(ocucode, ocudescription, ocuactive) VALUES (386, 'Music Director', TRUE);
INSERT INTO public.occupation(ocucode, ocudescription, ocuactive) VALUES (387, 'Music Professionals nec', TRUE);
INSERT INTO public.occupation(ocucode, ocudescription, ocuactive) VALUES (388, 'Music Teacher (Private Tuition)', TRUE);
INSERT INTO public.occupation(ocucode, ocudescription, ocuactive) VALUES (389, 'Musical Instrument Maker or Repairer', TRUE);
INSERT INTO public.occupation(ocucode, ocudescription, ocuactive) VALUES (390, 'Musician (Instrumental)', TRUE);
INSERT INTO public.occupation(ocucode, ocudescription, ocuactive) VALUES (391, 'Natural and Physical Science Professionals nec', TRUE);
INSERT INTO public.occupation(ocucode, ocudescription, ocuactive) VALUES (392, 'Naturopath', TRUE);
INSERT INTO public.occupation(ocucode, ocudescription, ocuactive) VALUES (393, 'Naval Architect', TRUE);
INSERT INTO public.occupation(ocucode, ocudescription, ocuactive) VALUES (394, 'Network Administrator', TRUE);
INSERT INTO public.occupation(ocucode, ocudescription, ocuactive) VALUES (395, 'Network Analyst', TRUE);
INSERT INTO public.occupation(ocucode, ocudescription, ocuactive) VALUES (396, 'Neurologist', TRUE);
INSERT INTO public.occupation(ocucode, ocudescription, ocuactive) VALUES (397, 'Neurosurgeon', TRUE);
INSERT INTO public.occupation(ocucode, ocudescription, ocuactive) VALUES (398, 'Newspaper or Periodical Editor', TRUE);
INSERT INTO public.occupation(ocucode, ocudescription, ocuactive) VALUES (399, 'Nuclear Medicine Technologist', TRUE);
INSERT INTO public.occupation(ocucode, ocudescription, ocuactive) VALUES (400, 'Nurse Educator', TRUE);
INSERT INTO public.occupation(ocucode, ocudescription, ocuactive) VALUES (401, 'Nurse Manager', TRUE);
INSERT INTO public.occupation(ocucode, ocudescription, ocuactive) VALUES (402, 'Nurse Practitioner', TRUE);
INSERT INTO public.occupation(ocucode, ocudescription, ocuactive) VALUES (403, 'Nurse Researcher', TRUE);
INSERT INTO public.occupation(ocucode, ocudescription, ocuactive) VALUES (404, 'Nurseryperson', TRUE);
INSERT INTO public.occupation(ocucode, ocudescription, ocuactive) VALUES (405, 'Nursing Clinical Director', TRUE);
INSERT INTO public.occupation(ocucode, ocudescription, ocuactive) VALUES (406, 'Nutritionist', TRUE);
INSERT INTO public.occupation(ocucode, ocudescription, ocuactive) VALUES (407, 'Obstetrician and Gynaecologist', TRUE);
INSERT INTO public.occupation(ocucode, ocudescription, ocuactive) VALUES (408, 'Occupational Health and Safety Adviser', TRUE);
INSERT INTO public.occupation(ocucode, ocudescription, ocuactive) VALUES (409, 'Occupational Therapist', TRUE);
INSERT INTO public.occupation(ocucode, ocudescription, ocuactive) VALUES (410, 'Operating Theatre Technician', TRUE);
INSERT INTO public.occupation(ocucode, ocudescription, ocuactive) VALUES (411, 'Ophthalmologist', TRUE);
INSERT INTO public.occupation(ocucode, ocudescription, ocuactive) VALUES (412, 'Optical Dispenser', TRUE);
INSERT INTO public.occupation(ocucode, ocudescription, ocuactive) VALUES (413, 'Optical Mechanic', TRUE);
INSERT INTO public.occupation(ocucode, ocudescription, ocuactive) VALUES (414, 'Optometrist', TRUE);
INSERT INTO public.occupation(ocucode, ocudescription, ocuactive) VALUES (415, 'Organisation and Methods Analyst', TRUE);
INSERT INTO public.occupation(ocucode, ocudescription, ocuactive) VALUES (416, 'Organisational Psychologist', TRUE);
INSERT INTO public.occupation(ocucode, ocudescription, ocuactive) VALUES (417, 'Orthopaedic Surgeon', TRUE);
INSERT INTO public.occupation(ocucode, ocudescription, ocuactive) VALUES (418, 'Orthoptist', TRUE);
INSERT INTO public.occupation(ocucode, ocudescription, ocuactive) VALUES (419, 'Orthotist or Prosthetist', TRUE);
INSERT INTO public.occupation(ocucode, ocudescription, ocuactive) VALUES (420, 'Osteopath', TRUE);
INSERT INTO public.occupation(ocucode, ocudescription, ocuactive) VALUES (421, 'Other Spatial Scientist', TRUE);
INSERT INTO public.occupation(ocucode, ocudescription, ocuactive) VALUES (422, 'Other Sports Coach or Instructor', TRUE);
INSERT INTO public.occupation(ocucode, ocudescription, ocuactive) VALUES (423, 'Other Sports Official', TRUE);
INSERT INTO public.occupation(ocucode, ocudescription, ocuactive) VALUES (424, 'Otorhinolaryngologist', TRUE);
INSERT INTO public.occupation(ocucode, ocudescription, ocuactive) VALUES (425, 'Paediatric Surgeon', TRUE);
INSERT INTO public.occupation(ocucode, ocudescription, ocuactive) VALUES (426, 'Paediatrician', TRUE);
INSERT INTO public.occupation(ocucode, ocudescription, ocuactive) VALUES (427, 'Painter (Visual Arts)', TRUE);
INSERT INTO public.occupation(ocucode, ocudescription, ocuactive) VALUES (428, 'Painting trades workers', TRUE);
INSERT INTO public.occupation(ocucode, ocudescription, ocuactive) VALUES (429, 'Panelbeater', TRUE);
INSERT INTO public.occupation(ocucode, ocudescription, ocuactive) VALUES (430, 'Park Ranger', TRUE);
INSERT INTO public.occupation(ocucode, ocudescription, ocuactive) VALUES (431, 'Parole or Probation Officer', TRUE);
INSERT INTO public.occupation(ocucode, ocudescription, ocuactive) VALUES (432, 'Pastrycook', TRUE);
INSERT INTO public.occupation(ocucode, ocudescription, ocuactive) VALUES (433, 'Patents Examiner', TRUE);
INSERT INTO public.occupation(ocucode, ocudescription, ocuactive) VALUES (434, 'Pathologist', TRUE);
INSERT INTO public.occupation(ocucode, ocudescription, ocuactive) VALUES (435, 'Pathology Collector (Aus) / Phlebotomist (NZ)', TRUE);
INSERT INTO public.occupation(ocucode, ocudescription, ocuactive) VALUES (436, 'Performing Arts Technicians nec', TRUE);
INSERT INTO public.occupation(ocucode, ocudescription, ocuactive) VALUES (437, 'Petroleum Engineer', TRUE);
INSERT INTO public.occupation(ocucode, ocudescription, ocuactive) VALUES (438, 'Pharmacy Technician', TRUE);
INSERT INTO public.occupation(ocucode, ocudescription, ocuactive) VALUES (439, 'Photographer', TRUE);
INSERT INTO public.occupation(ocucode, ocudescription, ocuactive) VALUES (440, 'Physicist', TRUE);
INSERT INTO public.occupation(ocucode, ocudescription, ocuactive) VALUES (441, 'Physicist (Medical Physicist only)', TRUE);
INSERT INTO public.occupation(ocucode, ocudescription, ocuactive) VALUES (442, 'Physiotherapist', TRUE);
INSERT INTO public.occupation(ocucode, ocudescription, ocuactive) VALUES (443, 'Picture Framer', TRUE);
INSERT INTO public.occupation(ocucode, ocudescription, ocuactive) VALUES (444, 'Pig Farmer', TRUE);
INSERT INTO public.occupation(ocucode, ocudescription, ocuactive) VALUES (445, 'Plastic and Reconstructive Surgeon', TRUE);
INSERT INTO public.occupation(ocucode, ocudescription, ocuactive) VALUES (446, 'Plastics Technician', TRUE);
INSERT INTO public.occupation(ocucode, ocudescription, ocuactive) VALUES (447, 'Plumber (General)', TRUE);
INSERT INTO public.occupation(ocucode, ocudescription, ocuactive) VALUES (448, 'Plumbing Inspector', TRUE);
INSERT INTO public.occupation(ocucode, ocudescription, ocuactive) VALUES (449, 'Podiatrist', TRUE);
INSERT INTO public.occupation(ocucode, ocudescription, ocuactive) VALUES (450, 'Police Officer', TRUE);
INSERT INTO public.occupation(ocucode, ocudescription, ocuactive) VALUES (451, 'Policy Analyst', TRUE);
INSERT INTO public.occupation(ocucode, ocudescription, ocuactive) VALUES (452, 'Policy and Planning Manager', TRUE);
INSERT INTO public.occupation(ocucode, ocudescription, ocuactive) VALUES (453, 'Post Office Manager', TRUE);
INSERT INTO public.occupation(ocucode, ocudescription, ocuactive) VALUES (454, 'Potter or Ceramic Artist', TRUE);
INSERT INTO public.occupation(ocucode, ocudescription, ocuactive) VALUES (455, 'Poultry Farmer', TRUE);
INSERT INTO public.occupation(ocucode, ocudescription, ocuactive) VALUES (456, 'Power Generation Plant Operator', TRUE);
INSERT INTO public.occupation(ocucode, ocudescription, ocuactive) VALUES (457, 'Precision Instrument Maker and Repairer', TRUE);
INSERT INTO public.occupation(ocucode, ocudescription, ocuactive) VALUES (458, 'Pressure Welder', TRUE);
INSERT INTO public.occupation(ocucode, ocudescription, ocuactive) VALUES (459, 'Primary Health Organisation Manager', TRUE);
INSERT INTO public.occupation(ocucode, ocudescription, ocuactive) VALUES (460, 'Primary Products Inspectors nec', TRUE);
INSERT INTO public.occupation(ocucode, ocudescription, ocuactive) VALUES (461, 'Primary School Teacher', TRUE);
INSERT INTO public.occupation(ocucode, ocudescription, ocuactive) VALUES (462, 'Print Finisher', TRUE);
INSERT INTO public.occupation(ocucode, ocudescription, ocuactive) VALUES (463, 'Print Journalist', TRUE);
INSERT INTO public.occupation(ocucode, ocudescription, ocuactive) VALUES (464, 'Printing Machinist', TRUE);
INSERT INTO public.occupation(ocucode, ocudescription, ocuactive) VALUES (465, 'Prison Officer', TRUE);
INSERT INTO public.occupation(ocucode, ocudescription, ocuactive) VALUES (466, 'Private Tutors and Teachers nec', TRUE);
INSERT INTO public.occupation(ocucode, ocudescription, ocuactive) VALUES (467, 'Procurement Manager', TRUE);
INSERT INTO public.occupation(ocucode, ocudescription, ocuactive) VALUES (468, 'Production Manager (Forestry)', TRUE);
INSERT INTO public.occupation(ocucode, ocudescription, ocuactive) VALUES (469, 'Production Manager (Manufacturing)', TRUE);
INSERT INTO public.occupation(ocucode, ocudescription, ocuactive) VALUES (470, 'Production Manager (Mining)', TRUE);
INSERT INTO public.occupation(ocucode, ocudescription, ocuactive) VALUES (471, 'Production or Plant Engineer', TRUE);
INSERT INTO public.occupation(ocucode, ocudescription, ocuactive) VALUES (472, 'Program Director (Television or Radio)', TRUE);
INSERT INTO public.occupation(ocucode, ocudescription, ocuactive) VALUES (473, 'Program or Project Administrator', TRUE);
INSERT INTO public.occupation(ocucode, ocudescription, ocuactive) VALUES (474, 'Project Builder', TRUE);
INSERT INTO public.occupation(ocucode, ocudescription, ocuactive) VALUES (475, 'Property Manager', TRUE);
INSERT INTO public.occupation(ocucode, ocudescription, ocuactive) VALUES (476, 'Psychiatrist', TRUE);
INSERT INTO public.occupation(ocucode, ocudescription, ocuactive) VALUES (477, 'Psychologists nec', TRUE);
INSERT INTO public.occupation(ocucode, ocudescription, ocuactive) VALUES (478, 'Psychotherapist', TRUE);
INSERT INTO public.occupation(ocucode, ocudescription, ocuactive) VALUES (479, 'Public Relations Manager', TRUE);
INSERT INTO public.occupation(ocucode, ocudescription, ocuactive) VALUES (480, 'Public Relations Professional', TRUE);
INSERT INTO public.occupation(ocucode, ocudescription, ocuactive) VALUES (481, 'Quality Assurance Manager', TRUE);
INSERT INTO public.occupation(ocucode, ocudescription, ocuactive) VALUES (482, 'Quantity Surveyor', TRUE);
INSERT INTO public.occupation(ocucode, ocudescription, ocuactive) VALUES (483, 'Quarantine Officer', TRUE);
INSERT INTO public.occupation(ocucode, ocudescription, ocuactive) VALUES (484, 'Radiation Oncologist', TRUE);
INSERT INTO public.occupation(ocucode, ocudescription, ocuactive) VALUES (485, 'Radio Communications Technician', TRUE);
INSERT INTO public.occupation(ocucode, ocudescription, ocuactive) VALUES (486, 'Radio Journalist', TRUE);
INSERT INTO public.occupation(ocucode, ocudescription, ocuactive) VALUES (487, 'Radio Presenter', TRUE);
INSERT INTO public.occupation(ocucode, ocudescription, ocuactive) VALUES (488, 'Railway Station Manager', TRUE);
INSERT INTO public.occupation(ocucode, ocudescription, ocuactive) VALUES (489, 'Real Estate Agency Principal', TRUE);
INSERT INTO public.occupation(ocucode, ocudescription, ocuactive) VALUES (490, 'Real Estate Agent', TRUE);
INSERT INTO public.occupation(ocucode, ocudescription, ocuactive) VALUES (491, 'Real Estate Representative', TRUE);
INSERT INTO public.occupation(ocucode, ocudescription, ocuactive) VALUES (492, 'Records Manager', TRUE);
INSERT INTO public.occupation(ocucode, ocudescription, ocuactive) VALUES (493, 'Recreation Officer', TRUE);
INSERT INTO public.occupation(ocucode, ocudescription, ocuactive) VALUES (494, 'Recruitment Consultant', TRUE);
INSERT INTO public.occupation(ocucode, ocudescription, ocuactive) VALUES (495, 'Regional Education Manager', TRUE);
INSERT INTO public.occupation(ocucode, ocudescription, ocuactive) VALUES (496, 'Registered Nurse (Aged Care)', TRUE);
INSERT INTO public.occupation(ocucode, ocudescription, ocuactive) VALUES (497, 'Registered Nurse (Child and Family Health)', TRUE);
INSERT INTO public.occupation(ocucode, ocudescription, ocuactive) VALUES (498, 'Registered Nurse (Community Health)', TRUE);
INSERT INTO public.occupation(ocucode, ocudescription, ocuactive) VALUES (499, 'Registered Nurse (Critical Care and Emergency)', TRUE);
INSERT INTO public.occupation(ocucode, ocudescription, ocuactive) VALUES (500, 'Registered Nurse (Developmental Disability)', TRUE);
INSERT INTO public.occupation(ocucode, ocudescription, ocuactive) VALUES (501, 'Registered Nurse (Disability and Rehabilitation)', TRUE);
INSERT INTO public.occupation(ocucode, ocudescription, ocuactive) VALUES (502, 'Registered Nurse (Medical Practice)', TRUE);
INSERT INTO public.occupation(ocucode, ocudescription, ocuactive) VALUES (503, 'Registered Nurse (Medical)', TRUE);
INSERT INTO public.occupation(ocucode, ocudescription, ocuactive) VALUES (504, 'Registered Nurse (Mental Health)', TRUE);
INSERT INTO public.occupation(ocucode, ocudescription, ocuactive) VALUES (505, 'Registered Nurse (Paediatric)', TRUE);
INSERT INTO public.occupation(ocucode, ocudescription, ocuactive) VALUES (506, 'Registered Nurse (Perioperative)', TRUE);
INSERT INTO public.occupation(ocucode, ocudescription, ocuactive) VALUES (507, 'Registered Nurse (Surgical)', TRUE);
INSERT INTO public.occupation(ocucode, ocudescription, ocuactive) VALUES (508, 'Registered Nurses nec', TRUE);
INSERT INTO public.occupation(ocucode, ocudescription, ocuactive) VALUES (509, 'Rehabilitation Counsellor', TRUE);
INSERT INTO public.occupation(ocucode, ocudescription, ocuactive) VALUES (510, 'Renal Medicine Specialist', TRUE);
INSERT INTO public.occupation(ocucode, ocudescription, ocuactive) VALUES (511, 'Research and Development Manager', TRUE);
INSERT INTO public.occupation(ocucode, ocudescription, ocuactive) VALUES (512, 'Resident Medical Officer', TRUE);
INSERT INTO public.occupation(ocucode, ocudescription, ocuactive) VALUES (513, 'Residential Care Officer', TRUE);
INSERT INTO public.occupation(ocucode, ocudescription, ocuactive) VALUES (514, 'Retail Buyer', TRUE);
INSERT INTO public.occupation(ocucode, ocudescription, ocuactive) VALUES (515, 'Retail Pharmacist', TRUE);
INSERT INTO public.occupation(ocucode, ocudescription, ocuactive) VALUES (516, 'Retirement Village Manager', TRUE);
INSERT INTO public.occupation(ocucode, ocudescription, ocuactive) VALUES (517, 'Rheumatologist', TRUE);
INSERT INTO public.occupation(ocucode, ocudescription, ocuactive) VALUES (518, 'Roof plumber', TRUE);
INSERT INTO public.occupation(ocucode, ocudescription, ocuactive) VALUES (519, 'Roof Tiler', TRUE);
INSERT INTO public.occupation(ocucode, ocudescription, ocuactive) VALUES (520, 'Safety Inspector', TRUE);
INSERT INTO public.occupation(ocucode, ocudescription, ocuactive) VALUES (521, 'Sail Maker', TRUE);
INSERT INTO public.occupation(ocucode, ocudescription, ocuactive) VALUES (522, 'Sales and Marketing Manager', TRUE);
INSERT INTO public.occupation(ocucode, ocudescription, ocuactive) VALUES (523, 'Sales Representative (Industrial Products)', TRUE);
INSERT INTO public.occupation(ocucode, ocudescription, ocuactive) VALUES (524, 'Sales Representative (Medical and Pharmaceutical Products)', TRUE);
INSERT INTO public.occupation(ocucode, ocudescription, ocuactive) VALUES (525, 'Saw Maker and Repairer', TRUE);
INSERT INTO public.occupation(ocucode, ocudescription, ocuactive) VALUES (526, 'School Laboratory Technician', TRUE);
INSERT INTO public.occupation(ocucode, ocudescription, ocuactive) VALUES (527, 'School Principal', TRUE);
INSERT INTO public.occupation(ocucode, ocudescription, ocuactive) VALUES (528, 'Science Technicians nec', TRUE);
INSERT INTO public.occupation(ocucode, ocudescription, ocuactive) VALUES (529, 'Screen Printer', TRUE);
INSERT INTO public.occupation(ocucode, ocudescription, ocuactive) VALUES (530, 'Sculptor', TRUE);
INSERT INTO public.occupation(ocucode, ocudescription, ocuactive) VALUES (531, 'Secondary School Teacher', TRUE);
INSERT INTO public.occupation(ocucode, ocudescription, ocuactive) VALUES (532, 'Senior Non-Commissioned Defence Force Member', TRUE);
INSERT INTO public.occupation(ocucode, ocudescription, ocuactive) VALUES (533, 'Shearer', TRUE);
INSERT INTO public.occupation(ocucode, ocudescription, ocuactive) VALUES (534, 'Sheep Farmer', TRUE);
INSERT INTO public.occupation(ocucode, ocudescription, ocuactive) VALUES (535, 'Sheetmetal Trades Worker', TRUE);
INSERT INTO public.occupation(ocucode, ocudescription, ocuactive) VALUES (536, 'Shipwright', TRUE);
INSERT INTO public.occupation(ocucode, ocudescription, ocuactive) VALUES (537, 'Shoemaker', TRUE);
INSERT INTO public.occupation(ocucode, ocudescription, ocuactive) VALUES (538, 'Signwriter', TRUE);
INSERT INTO public.occupation(ocucode, ocudescription, ocuactive) VALUES (539, 'Singer', TRUE);
INSERT INTO public.occupation(ocucode, ocudescription, ocuactive) VALUES (540, 'Small Engine Mechanic', TRUE);
INSERT INTO public.occupation(ocucode, ocudescription, ocuactive) VALUES (541, 'Small Offset Printer', TRUE);
INSERT INTO public.occupation(ocucode, ocudescription, ocuactive) VALUES (542, 'Snowsport Instructor', TRUE);
INSERT INTO public.occupation(ocucode, ocudescription, ocuactive) VALUES (543, 'Social Professionals nec', TRUE);
INSERT INTO public.occupation(ocucode, ocudescription, ocuactive) VALUES (544, 'Social Worker', TRUE);
INSERT INTO public.occupation(ocucode, ocudescription, ocuactive) VALUES (545, 'Software and Applications Programmers nec', TRUE);
INSERT INTO public.occupation(ocucode, ocudescription, ocuactive) VALUES (546,'Software Engineer', TRUE);
INSERT INTO public.occupation(ocucode, ocudescription, ocuactive) VALUES (547, 'Software Tester', TRUE);
INSERT INTO public.occupation(ocucode, ocudescription, ocuactive) VALUES (548, 'Solicitor', TRUE);
INSERT INTO public.occupation(ocucode, ocudescription, ocuactive) VALUES (549, 'Solid Plasterer', TRUE);
INSERT INTO public.occupation(ocucode, ocudescription, ocuactive) VALUES (550, 'Sonographer', TRUE);
INSERT INTO public.occupation(ocucode, ocudescription, ocuactive) VALUES (551, 'Sound Technician', TRUE);
INSERT INTO public.occupation(ocucode, ocudescription, ocuactive) VALUES (552, 'Special Education Teachers nec', TRUE);
INSERT INTO public.occupation(ocucode, ocudescription, ocuactive) VALUES (553, 'Special Needs Teacher', TRUE);
INSERT INTO public.occupation(ocucode, ocudescription, ocuactive) VALUES (554, 'Specialist Managers nec EXCEPT: · Ambassador · Archbishop · Bishop', TRUE);
INSERT INTO public.occupation(ocucode, ocudescription, ocuactive) VALUES (555, 'Specialist Physician (General Medicine)', TRUE);
INSERT INTO public.occupation(ocucode, ocudescription, ocuactive) VALUES (556, 'Specialist Physicians nec', TRUE);
INSERT INTO public.occupation(ocucode, ocudescription, ocuactive) VALUES (557, 'Speech Pathologist', TRUE);
INSERT INTO public.occupation(ocucode, ocudescription, ocuactive) VALUES (558, 'Sports Administrator', TRUE);
INSERT INTO public.occupation(ocucode, ocudescription, ocuactive) VALUES (559, 'Sports Centre Manager', TRUE);
INSERT INTO public.occupation(ocucode, ocudescription, ocuactive) VALUES (560, 'Sports Development Officer', TRUE);
INSERT INTO public.occupation(ocucode, ocudescription, ocuactive) VALUES (561, 'Sports Umpire', TRUE);
INSERT INTO public.occupation(ocucode, ocudescription, ocuactive) VALUES (562, 'Sportspersons nec', TRUE);
INSERT INTO public.occupation(ocucode, ocudescription, ocuactive) VALUES (563, 'Stage Manager', TRUE);
INSERT INTO public.occupation(ocucode, ocudescription, ocuactive) VALUES (564, 'Statistician', TRUE);
INSERT INTO public.occupation(ocucode, ocudescription, ocuactive) VALUES (565,'Stock and Station Agent', TRUE);
INSERT INTO public.occupation(ocucode, ocudescription, ocuactive) VALUES (566, 'Stockbroking Dealer', TRUE);
INSERT INTO public.occupation(ocucode, ocudescription, ocuactive) VALUES (567, 'Stonemason', TRUE);
INSERT INTO public.occupation(ocucode, ocudescription, ocuactive) VALUES (568, 'Structural Engineer', TRUE);
INSERT INTO public.occupation(ocucode, ocudescription, ocuactive) VALUES (569, 'Student Counsellor', TRUE);
INSERT INTO public.occupation(ocucode, ocudescription, ocuactive) VALUES (570, 'Sugar Cane Grower', TRUE);
INSERT INTO public.occupation(ocucode, ocudescription, ocuactive) VALUES (571, 'Supply and Distribution Manager', TRUE);
INSERT INTO public.occupation(ocucode, ocudescription, ocuactive) VALUES (572, 'Surgeon (General)', TRUE);
INSERT INTO public.occupation(ocucode, ocudescription, ocuactive) VALUES (573, 'Surveying or Spatial Science Technician', TRUE);
INSERT INTO public.occupation(ocucode, ocudescription, ocuactive) VALUES (574, 'Surveyor', TRUE);
INSERT INTO public.occupation(ocucode, ocudescription, ocuactive) VALUES (575, 'Swimming Coach or Instructor', TRUE);
INSERT INTO public.occupation(ocucode, ocudescription, ocuactive) VALUES (576, 'Systems Administrator', TRUE);
INSERT INTO public.occupation(ocucode, ocudescription, ocuactive) VALUES (577, 'Systems Analyst', TRUE);
INSERT INTO public.occupation(ocucode, ocudescription, ocuactive) VALUES (578, 'Taxation Accountant', TRUE);
INSERT INTO public.occupation(ocucode, ocudescription, ocuactive) VALUES (579, 'Teacher of English to Speakers of Other Languages', TRUE);
INSERT INTO public.occupation(ocucode, ocudescription, ocuactive) VALUES (580, 'Teacher of the Hearing Impaired', TRUE);
INSERT INTO public.occupation(ocucode, ocudescription, ocuactive) VALUES (581, 'Teacher of the Sight Impaired', TRUE);
INSERT INTO public.occupation(ocucode, ocudescription, ocuactive) VALUES (582, 'Technical Cable Jointer', TRUE);
INSERT INTO public.occupation(ocucode, ocudescription, ocuactive) VALUES (583, 'Technical Director', TRUE);
INSERT INTO public.occupation(ocucode, ocudescription, ocuactive) VALUES (584, 'Technical Sales Representatives nec', TRUE);
INSERT INTO public.occupation(ocucode, ocudescription, ocuactive) VALUES (585, 'Technical Writer', TRUE);
INSERT INTO public.occupation(ocucode, ocudescription, ocuactive) VALUES (586, 'Technicians and Trades Workers nec', TRUE);
INSERT INTO public.occupation(ocucode, ocudescription, ocuactive) VALUES (587, 'Telecommunications Cable Jointer', TRUE);
INSERT INTO public.occupation(ocucode, ocudescription, ocuactive) VALUES (588, 'Telecommunications Engineer', TRUE);
INSERT INTO public.occupation(ocucode, ocudescription, ocuactive) VALUES (589, 'Telecommunications Field Engineer', TRUE);
INSERT INTO public.occupation(ocucode, ocudescription, ocuactive) VALUES (590, 'Telecommunications Linesworker', TRUE);
INSERT INTO public.occupation(ocucode, ocudescription, ocuactive) VALUES (591, 'Telecommunications Network Engineer', TRUE);
INSERT INTO public.occupation(ocucode, ocudescription, ocuactive) VALUES (592, 'Telecommunications Network Planner', TRUE);
INSERT INTO public.occupation(ocucode, ocudescription, ocuactive) VALUES (593, 'Telecommunications Technical Officer or Technologist', TRUE);
INSERT INTO public.occupation(ocucode, ocudescription, ocuactive) VALUES (594, 'Telecommunications Technician', TRUE);
INSERT INTO public.occupation(ocucode, ocudescription, ocuactive) VALUES (595, 'Television Equipment Operator', TRUE);
INSERT INTO public.occupation(ocucode, ocudescription, ocuactive) VALUES (596, 'Television Journalist', TRUE);
INSERT INTO public.occupation(ocucode, ocudescription, ocuactive) VALUES (597, 'Television Presenter', TRUE);
INSERT INTO public.occupation(ocucode, ocudescription, ocuactive) VALUES (598, 'Tennis Coach', TRUE);
INSERT INTO public.occupation(ocucode, ocudescription, ocuactive) VALUES (599, 'Textile, Clothing and Footwear Mechanic', TRUE);
INSERT INTO public.occupation(ocucode, ocudescription, ocuactive) VALUES (600,'Thoracic Medicine Specialist', TRUE);
INSERT INTO public.occupation(ocucode, ocudescription, ocuactive) VALUES (601, 'Toolmaker', TRUE);
INSERT INTO public.occupation(ocucode, ocudescription, ocuactive) VALUES (602, 'Traditional Chinese Medicine Practitioner', TRUE);
INSERT INTO public.occupation(ocucode, ocudescription, ocuactive) VALUES (603, 'Training and Development Professional', TRUE);
INSERT INTO public.occupation(ocucode, ocudescription, ocuactive) VALUES (604, 'Translator', TRUE);
INSERT INTO public.occupation(ocucode, ocudescription, ocuactive) VALUES (605, 'Transport Company Manager', TRUE);
INSERT INTO public.occupation(ocucode, ocudescription, ocuactive) VALUES (606, 'Transport Engineer', TRUE);
INSERT INTO public.occupation(ocucode, ocudescription, ocuactive) VALUES (607, 'Travel Agency Manager', TRUE);
INSERT INTO public.occupation(ocucode, ocudescription, ocuactive) VALUES (608, 'Travel Attendants nec', TRUE);
INSERT INTO public.occupation(ocucode, ocudescription, ocuactive) VALUES (609, 'Tribunal Member', TRUE);
INSERT INTO public.occupation(ocucode, ocudescription, ocuactive) VALUES (610, 'Turf Grower', TRUE);
INSERT INTO public.occupation(ocucode, ocudescription, ocuactive) VALUES (611, 'University Tutor', TRUE);
INSERT INTO public.occupation(ocucode, ocudescription, ocuactive) VALUES (612, 'Upholsterer', TRUE);
INSERT INTO public.occupation(ocucode, ocudescription, ocuactive) VALUES (613, 'Urban and Regional Planner', TRUE);
INSERT INTO public.occupation(ocucode, ocudescription, ocuactive) VALUES (614, 'Urologist', TRUE);
INSERT INTO public.occupation(ocucode, ocudescription, ocuactive) VALUES (615, 'Valuer', TRUE);
INSERT INTO public.occupation(ocucode, ocudescription, ocuactive) VALUES (616, 'Vascular Surgeon', TRUE);
INSERT INTO public.occupation(ocucode, ocudescription, ocuactive) VALUES (617, 'Vegetable Grower (Aus) / Market Gardener (NZ)', TRUE);
INSERT INTO public.occupation(ocucode, ocudescription, ocuactive) VALUES (618, 'Vehicle Body Builder', TRUE);
INSERT INTO public.occupation(ocucode, ocudescription, ocuactive) VALUES (619, 'Vehicle Painter', TRUE);
INSERT INTO public.occupation(ocucode, ocudescription, ocuactive) VALUES (620, 'Vehicle Trimmer', TRUE);
INSERT INTO public.occupation(ocucode, ocudescription, ocuactive) VALUES (621, 'Veterinarian', TRUE);
INSERT INTO public.occupation(ocucode, ocudescription, ocuactive) VALUES (622, 'Veterinary Nurse', TRUE);
INSERT INTO public.occupation(ocucode, ocudescription, ocuactive) VALUES (623, 'Video Producer', TRUE);
INSERT INTO public.occupation(ocucode, ocudescription, ocuactive) VALUES (624, 'Visual Arts and Crafts Professionals nec', TRUE);
INSERT INTO public.occupation(ocucode, ocudescription, ocuactive) VALUES (625, 'Vocational Education Teacher (Non Trades)', TRUE);
INSERT INTO public.occupation(ocucode, ocudescription, ocuactive) VALUES (626, 'Vocational Education Teacher (Trades)', TRUE);
INSERT INTO public.occupation(ocucode, ocudescription, ocuactive) VALUES (627, 'Wall and Floor Tiler', TRUE);
INSERT INTO public.occupation(ocucode, ocudescription, ocuactive) VALUES (628, 'Watch and Clock Maker and Repairer', TRUE);
INSERT INTO public.occupation(ocucode, ocudescription, ocuactive) VALUES (629, 'Web Administrator', TRUE);
INSERT INTO public.occupation(ocucode, ocudescription, ocuactive) VALUES (630, 'Web Designer', TRUE);
INSERT INTO public.occupation(ocucode, ocudescription, ocuactive) VALUES (631, 'Web Developer', TRUE);
INSERT INTO public.occupation(ocucode, ocudescription, ocuactive) VALUES (632, 'Welder (First Class)', TRUE);
INSERT INTO public.occupation(ocucode, ocudescription, ocuactive) VALUES (633, 'Welfare Centre Manager', TRUE);
INSERT INTO public.occupation(ocucode, ocudescription, ocuactive) VALUES (634, 'Welfare Worker', TRUE);
INSERT INTO public.occupation(ocucode, ocudescription, ocuactive) VALUES (635, 'Wholesaler', TRUE);
INSERT INTO public.occupation(ocucode, ocudescription, ocuactive) VALUES (636, 'Wine Maker', TRUE);
INSERT INTO public.occupation(ocucode, ocudescription, ocuactive) VALUES (637, 'Wood Machinist', TRUE);
INSERT INTO public.occupation(ocucode, ocudescription, ocuactive) VALUES (638, 'Wood Machinists and Other Wood Trades Workers nec', TRUE);
INSERT INTO public.occupation(ocucode, ocudescription, ocuactive) VALUES (639, 'Wood Turner', TRUE);
INSERT INTO public.occupation(ocucode, ocudescription, ocuactive) VALUES (640, 'Wool Buyer', TRUE);
INSERT INTO public.occupation(ocucode, ocudescription, ocuactive) VALUES (641, 'Wool Classer', TRUE);
INSERT INTO public.occupation(ocucode, ocudescription, ocuactive) VALUES (642, 'Workplace Relations Adviser', TRUE);
INSERT INTO public.occupation(ocucode, ocudescription, ocuactive) VALUES (643, 'Youth Worker', TRUE);
INSERT INTO public.occupation(ocucode, ocudescription, ocuactive) VALUES (644, 'Zookeeper', TRUE);
INSERT INTO public.occupation(ocucode, ocudescription, ocuactive) VALUES (645, 'Zoologist', TRUE);

-- FRECUENCY
INSERT INTO public.frequency(frecode, frename, freactive) VALUES (1, 'Always', TRUE);
INSERT INTO public.frequency(frecode, frename, freactive) VALUES (2, 'Very often', TRUE);
INSERT INTO public.frequency(frecode, frename, freactive) VALUES (3, 'Often', TRUE);
INSERT INTO public.frequency(frecode, frename, freactive) VALUES (4, 'Frequently', TRUE);
INSERT INTO public.frequency(frecode, frename, freactive) VALUES (5, 'Usually', TRUE);
INSERT INTO public.frequency(frecode, frename, freactive) VALUES (6, 'Sometimes', TRUE);
INSERT INTO public.frequency(frecode, frename, freactive) VALUES (7, 'Ocasionally', TRUE);
INSERT INTO public.frequency(frecode, frename, freactive) VALUES (8, 'Ever', TRUE);
INSERT INTO public.frequency(frecode, frename, freactive) VALUES (9, 'Rarely', TRUE);
INSERT INTO public.frequency(frecode, frename, freactive) VALUES (10, 'Never', TRUE);

-- ZODIAC SIGNS

INSERT INTO public.zodiacsign(zodcode, zodname, zodactive) VALUES (1,'Aries', True);
INSERT INTO public.zodiacsign(zodcode, zodname, zodactive) VALUES (2,'Taurus', True);
INSERT INTO public.zodiacsign(zodcode, zodname, zodactive) VALUES (3,'Gemini', True);
INSERT INTO public.zodiacsign(zodcode, zodname, zodactive) VALUES (4,'Cancer', True);
INSERT INTO public.zodiacsign(zodcode, zodname, zodactive) VALUES (5,'Leo', True);
INSERT INTO public.zodiacsign(zodcode, zodname, zodactive) VALUES (6,'Virgo', True);
INSERT INTO public.zodiacsign(zodcode, zodname, zodactive) VALUES (7,'Libra', True);
INSERT INTO public.zodiacsign(zodcode, zodname, zodactive) VALUES (8,'Scorpio', True);
INSERT INTO public.zodiacsign(zodcode, zodname, zodactive) VALUES (9,'Sagitarius', True);
INSERT INTO public.zodiacsign(zodcode, zodname, zodactive) VALUES (10,'Capricorn', True);
INSERT INTO public.zodiacsign(zodcode, zodname, zodactive) VALUES (11,'Aquarius', True);
INSERT INTO public.zodiacsign(zodcode, zodname, zodactive) VALUES (12,'Pisces', True);

-- BODY TYPE
INSERT INTO public.bodytype(bodcode, bodname, bodactive) VALUES (1,'Averege', True);
INSERT INTO public.bodytype(bodcode, bodname, bodactive) VALUES (2,'A few extra pounds', True);
INSERT INTO public.bodytype(bodcode, bodname, bodactive) VALUES (3,'Athletic', True);
INSERT INTO public.bodytype(bodcode, bodname, bodactive) VALUES (4,'Muscular', True);
INSERT INTO public.bodytype(bodcode, bodname, bodactive) VALUES (5,'Slim', True);

-- EYES COLOR
INSERT INTO public.eyescolor(eyecode, eyename, eyeactive) VALUES (1,'Blue', True);
INSERT INTO public.eyescolor(eyecode, eyename, eyeactive) VALUES (2,'Brown', True);
INSERT INTO public.eyescolor(eyecode, eyename, eyeactive) VALUES (3,'Gray', True);
INSERT INTO public.eyescolor(eyecode, eyename, eyeactive) VALUES (4,'Green', True);
INSERT INTO public.eyescolor(eyecode, eyename, eyeactive) VALUES (5,'Hazel', True);

-- HAIR COLOR
INSERT INTO public.haircolor(haicode, hainame, haiactive) VALUES (1, 'Black', True);
INSERT INTO public.haircolor(haicode, hainame, haiactive) VALUES (2, 'Brown', True);
INSERT INTO public.haircolor(haicode, hainame, haiactive) VALUES (3, 'Blond', True);
INSERT INTO public.haircolor(haicode, hainame, haiactive) VALUES (4, 'Fair', True);
INSERT INTO public.haircolor(haicode, hainame, haiactive) VALUES (5, 'Chestnut', True);
INSERT INTO public.haircolor(haicode, hainame, haiactive) VALUES (6, 'Red', True);

-- HAIR LENGTH
INSERT INTO public.hairlength(hlecode, hlename, hleactive) VALUES (1,'Short', True);
INSERT INTO public.hairlength(hlecode, hlename, hleactive) VALUES (2,'Chin Length', True);
INSERT INTO public.hairlength(hlecode, hlename, hleactive) VALUES (3,'Neck Length', True);
INSERT INTO public.hairlength(hlecode, hlename, hleactive) VALUES (4,'Shoulder Length', True);
INSERT INTO public.hairlength(hlecode, hlename, hleactive) VALUES (5,'Neck Length', True);
INSERT INTO public.hairlength(hlecode, hlename, hleactive) VALUES (6,'Armpit Length', True);
INSERT INTO public.hairlength(hlecode, hlename, hleactive) VALUES (7,'Mid Back Length', True);
INSERT INTO public.hairlength(hlecode, hlename, hleactive) VALUES (8,'Waist Length', True);
INSERT INTO public.hairlength(hlecode, hlename, hleactive) VALUES (9,'Hip Length', True);
INSERT INTO public.hairlength(hlecode, hlename, hleactive) VALUES (10,'Very Long', True);
INSERT INTO public.hairlength(hlecode, hlename, hleactive) VALUES (11,'Bald', True);

-- ETHNICITY
INSERT INTO public.ethnicity(ethcode, ethname, ethactive) VALUES (1,'Latin', True);
INSERT INTO public.ethnicity(ethcode, ethname, ethactive) VALUES (2,'Middle East', True);
INSERT INTO public.ethnicity(ethcode, ethname, ethactive) VALUES (3,'Caucasian', True);
INSERT INTO public.ethnicity(ethcode, ethname, ethactive) VALUES (4,'Asian', True);


-- RELIGION
INSERT INTO public.religion(relcode, relname, relactive) VALUES (1,'Practica la religión', True);
INSERT INTO public.religion(relcode, relname, relactive) VALUES (2,'Creyente pero no practicante', True);
INSERT INTO public.religion(relcode, relname, relactive) VALUES (3,'No creyente', True);
INSERT INTO public.religion(relcode, relname, relactive) VALUES (4,'Creyente', True);
INSERT INTO public.religion(relcode, relname, relactive) VALUES (5,'Cristiana', True);

-- CHILDREN
INSERT INTO public.children(chicode, chiname, chiactive) VALUES (1,'No tengo', True);
INSERT INTO public.children(chicode, chiname, chiactive) VALUES (2,'No tengo pero deseo tener', True);
INSERT INTO public.children(chicode, chiname, chiactive) VALUES (3,'No tengo y no deseo tener', True);
INSERT INTO public.children(chicode, chiname, chiactive) VALUES (4,'Sí tengo', True);
INSERT INTO public.children(chicode, chiname, chiactive) VALUES (5,'Sí tengo pero no viven conmigo', True);

-- HOBBIES
INSERT INTO public.hobbie(hobcode, hobname, hobactive) VALUES (1,'Biking', True);
INSERT INTO public.hobbie(hobcode, hobname, hobactive) VALUES (2,'Camping', True);
INSERT INTO public.hobbie(hobcode, hobname, hobactive) VALUES (3,'Cars', True);
INSERT INTO public.hobbie(hobcode, hobname, hobactive) VALUES (4,'Cooking', True);
INSERT INTO public.hobbie(hobcode, hobname, hobactive) VALUES (5,'Dancing', True);
INSERT INTO public.hobbie(hobcode, hobname, hobactive) VALUES (6,'Diving', True);
INSERT INTO public.hobbie(hobcode, hobname, hobactive) VALUES (7,'Fashion', True);
INSERT INTO public.hobbie(hobcode, hobname, hobactive) VALUES (8,'Fishing and Hunting', True);
INSERT INTO public.hobbie(hobcode, hobname, hobactive) VALUES (9,'Games', True);
INSERT INTO public.hobbie(hobcode, hobname, hobactive) VALUES (10,'Hobbies and Crafts', True);
INSERT INTO public.hobbie(hobcode, hobname, hobactive) VALUES (11,'Hockey', True);
INSERT INTO public.hobbie(hobcode, hobname, hobactive) VALUES (12,'Lying on the beach', True);
INSERT INTO public.hobbie(hobcode, hobname, hobactive) VALUES (13,'Meditation and Yoga', True);
INSERT INTO public.hobbie(hobcode, hobname, hobactive) VALUES (14,'Movies', True);
INSERT INTO public.hobbie(hobcode, hobname, hobactive) VALUES (15,'Museums and Art', True);
INSERT INTO public.hobbie(hobcode, hobname, hobactive) VALUES (16,'Music and Concerts', True);
INSERT INTO public.hobbie(hobcode, hobname, hobactive) VALUES (17,'Nature', True);
INSERT INTO public.hobbie(hobcode, hobname, hobactive) VALUES (18,'Party and Night Clubs', True);
INSERT INTO public.hobbie(hobcode, hobname, hobactive) VALUES (19,'Reading', True);
INSERT INTO public.hobbie(hobcode, hobname, hobactive) VALUES (20,'Sailing', True);
INSERT INTO public.hobbie(hobcode, hobname, hobactive) VALUES (21,'Shopping', True);
INSERT INTO public.hobbie(hobcode, hobname, hobactive) VALUES (22,'Sports', True);
INSERT INTO public.hobbie(hobcode, hobname, hobactive) VALUES (23,'Travelling', True);
INSERT INTO public.hobbie(hobcode, hobname, hobactive) VALUES (24,'TV and Movies', True);
INSERT INTO public.hobbie(hobcode, hobname, hobactive) VALUES (25,'Walking', True);
INSERT INTO public.hobbie(hobcode, hobname, hobactive) VALUES (26,'Skating', True);
INSERT INTO public.hobbie(hobcode, hobname, hobactive) VALUES (27,'Singing', True);
INSERT INTO public.hobbie(hobcode, hobname, hobactive) VALUES (28,'Modeling', True);
INSERT INTO public.hobbie(hobcode, hobname, hobactive) VALUES (29,'Writing', True);
INSERT INTO public.hobbie(hobcode, hobname, hobactive) VALUES (30,'Play Piano', True);
INSERT INTO public.hobbie(hobcode, hobname, hobactive) VALUES (31,'Eat', True);
INSERT INTO public.hobbie(hobcode, hobname, hobactive) VALUES (32,'Teatro', True);
INSERT INTO public.hobbie(hobcode, hobname, hobactive) VALUES (33,'Paiting', True);
INSERT INTO public.hobbie(hobcode, hobname, hobactive) VALUES (34,'Training', True);


ALTER SEQUENCE public.country_coucode_seq RESTART WITH 248;

ALTER SEQUENCE public.city_citcode_seq RESTART WITH 9;

ALTER SEQUENCE public.gender_gencode_seq RESTART WITH 4;

ALTER SEQUENCE public.height_heicode_seq RESTART WITH 71;

ALTER SEQUENCE public.weight_weicode_seq RESTART WITH 86;

ALTER SEQUENCE public.auth_user_id_seq RESTART WITH 77;

ALTER SEQUENCE public.typeclient_tclcode_seq RESTART 6;

ALTER SEQUENCE public.franchise_fracode_seq RESTART WITH 1;

ALTER SEQUENCE public.client_clicode_seq RESTART WITH 77;

ALTER SEQUENCE public.manager_client_maccode_seq RESTART WITH 10;

ALTER SEQUENCE public.marital_marcode_seq RESTART WITH 6;

ALTER SEQUENCE public.account_emailaddress_id_seq RESTART WITH 77;

ALTER SEQUENCE public.testimonial_tescode_seq RESTART WITH 16;

ALTER SEQUENCE public.album_client_phacode_seq RESTART WITH 85;

ALTER SEQUENCE public.picture_client_piccode_seq RESTART WITH 7;

ALTER SEQUENCE public.feeling_feecode_seq RESTART WITH 296;

ALTER SEQUENCE public.income_inccode_seq RESTART WITH 9;

ALTER SEQUENCE public.service_sercode_seq RESTART WITH 4;

ALTER SEQUENCE public.subservice_suscode_seq RESTART WITH 6;

ALTER SEQUENCE public.payplan_paycode_seq RESTART WITH 3;

ALTER SEQUENCE public.purchase_purcode_seq RESTART WITH 5;

ALTER SEQUENCE public.record_reccode_seq RESTART WITH 5;

ALTER SEQUENCE public.notificationtype_ntycode_seq RESTART WITH 1;

ALTER SEQUENCE public.language_lancode_seq RESTART WITH 14;

ALTER SEQUENCE public.education_educode_seq RESTART WITH 10;

ALTER SEQUENCE public.occupation_ocucode_seq RESTART WITH 645;

ALTER SEQUENCE public.frequency_frecode_seq RESTART WITH 10;

ALTER SEQUENCE public.zodiacsign_zodcode_seq RESTART WITH 12;

ALTER SEQUENCE public.bodytype_bodcode_seq RESTART WITH 5;

ALTER SEQUENCE public.eyescolor_eyecode_seq RESTART WITH 5;

ALTER SEQUENCE public.haircolor_haicode_seq RESTART WITH 6;

ALTER SEQUENCE public.hairlength_hlecode_seq RESTART WITH 11;

ALTER SEQUENCE public.ethnicity_ethcode_seq RESTART WITH 4;

ALTER SEQUENCE public.religion_relcode_seq RESTART WITH 5;

ALTER SEQUENCE public.children_chicode_seq RESTART WITH 5;

ALTER SEQUENCE public.hobbie_hobcode_seq RESTART WITH 34;
